original_filename,clean_filename,soil_type
peat_soil_118_0_6663.jpeg,peat_soil_00000.jpg,peat soil
peat_soil_90_0_3671.jpeg,peat_soil_00001.jpg,peat soil
peat_soil_148_0_7622 - Copy (2).jpeg,peat_soil_00002.jpg,peat soil
peat_soil_121_0_705 - Copy.jpeg,peat_soil_00003.jpg,peat soil
peat_soil_93_0_9765.jpeg,peat_soil_00004.jpg,peat soil
peat_soil_129_0_9071 - Copy.jpeg,peat_soil_00005.jpg,peat soil
peat_soil_40_0_978.jpeg,peat_soil_00006.jpg,peat soil
peat_soil_141_0_3811.jpeg,peat_soil_00007.jpg,peat soil
peat_soil_140_0_1480 - Copy - Copy.jpeg,peat_soil_00008.jpg,peat soil
peat_soil_89_0_5383.jpeg,peat_soil_00009.jpg,peat soil
peat_soil_139_0_1054 - Copy (2).jpeg,peat_soil_00010.jpg,peat soil
peat_soil_35_0_5843.jpeg,peat_soil_00011.jpg,peat soil
peat_soil_151_0_7036.jpeg,peat_soil_00012.jpg,peat soil
peat_soil_98_0_1844.jpeg,peat_soil_00013.jpg,peat soil
peat_soil_58_0_8877.jpeg,peat_soil_00014.jpg,peat soil
peat_soil_136_0_9714 - Copy.jpeg,peat_soil_00015.jpg,peat soil
peat_soil_26_0_4723.jpeg,peat_soil_00016.jpg,peat soil
peat_soil_158_0_3962.jpeg,peat_soil_00017.jpg,peat soil
peat_soil_78_0_1436.jpeg,peat_soil_00018.jpg,peat soil
peat_soil_139_0_3326 - Copy (2).jpeg,peat_soil_00019.jpg,peat soil
peat_soil_59_0_8768.jpeg,peat_soil_00020.jpg,peat soil
peat_soil_121_0_3149.jpeg,peat_soil_00021.jpg,peat soil
peat_soil_134_0_4357.jpeg,peat_soil_00022.jpg,peat soil
peat_soil_147_0_1311 - Copy.jpeg,peat_soil_00023.jpg,peat soil
peat_soil_120_0_9037 - Copy.jpeg,peat_soil_00024.jpg,peat soil
peat_soil_9_0_8589.jpeg,peat_soil_00025.jpg,peat soil
peat_soil_87_0_5301.jpeg,peat_soil_00026.jpg,peat soil
peat_soil_126_0_6997 - Copy.jpeg,peat_soil_00027.jpg,peat soil
peat_soil_142_0_860 - Copy (2).jpeg,peat_soil_00028.jpg,peat soil
peat_soil_149_0_6722 - Copy.jpeg,peat_soil_00029.jpg,peat soil
peat_soil_44_0_4438.jpeg,peat_soil_00030.jpg,peat soil
peat_soil_132_0_30.jpeg,peat_soil_00031.jpg,peat soil
peat_soil_59_0_6757 - Copy.jpeg,peat_soil_00032.jpg,peat soil
peat_soil_114_0_507.jpeg,peat_soil_00033.jpg,peat soil
peat_soil_85_0_8980.jpeg,peat_soil_00034.jpg,peat soil
peat_soil_49_0_3865.jpeg,peat_soil_00035.jpg,peat soil
peat_soil_17_0_5890.jpeg,peat_soil_00036.jpg,peat soil
peat_soil_133_0_2941 - Copy (2).jpeg,peat_soil_00037.jpg,peat soil
peat_soil_86_0_8429.jpeg,peat_soil_00038.jpg,peat soil
peat_soil_106_0_6872.jpeg,peat_soil_00039.jpg,peat soil
peat_soil_49_0_4919.jpeg,peat_soil_00040.jpg,peat soil
peat_soil_136_0_3743 - Copy.jpeg,peat_soil_00041.jpg,peat soil
peat_soil_135_0_316.jpeg,peat_soil_00042.jpg,peat soil
peat_soil_138_0_6910 - Copy (2).jpeg,peat_soil_00043.jpg,peat soil
peat_soil_122_0_3961 - Copy.jpeg,peat_soil_00044.jpg,peat soil
peat_soil_126_0_5620.jpeg,peat_soil_00045.jpg,peat soil
peat_soil_55_0_9658.jpeg,peat_soil_00046.jpg,peat soil
peat_soil_143_0_2336.jpeg,peat_soil_00047.jpg,peat soil
peat_soil_145_0_989 - Copy (2).jpeg,peat_soil_00048.jpg,peat soil
peat_soil_145_0_845.jpeg,peat_soil_00049.jpg,peat soil
peat_soil_125_0_4261.jpeg,peat_soil_00050.jpg,peat soil
peat_soil_64_0_465.jpeg,peat_soil_00051.jpg,peat soil
peat_soil_34_0_3836.jpeg,peat_soil_00052.jpg,peat soil
peat_soil_150_0_6306 - Copy.jpeg,peat_soil_00053.jpg,peat soil
peat_soil_108_0_8141.jpeg,peat_soil_00054.jpg,peat soil
peat_soil_143_0_6730 - Copy (2).jpeg,peat_soil_00055.jpg,peat soil
peat_soil_135_0_7157 - Copy - Copy.jpeg,peat_soil_00056.jpg,peat soil
peat_soil_19_0_2173.jpeg,peat_soil_00057.jpg,peat soil
peat_soil_133_0_3895 - Copy (2).jpeg,peat_soil_00058.jpg,peat soil
peat_soil_83_0_5051.jpeg,peat_soil_00059.jpg,peat soil
peat_soil_140_0_587 - Copy - Copy.jpeg,peat_soil_00060.jpg,peat soil
peat_soil_160_0_1532.jpeg,peat_soil_00061.jpg,peat soil
peat_soil_138_0_5818 - Copy.jpeg,peat_soil_00062.jpg,peat soil
peat_soil_78_0_9818.jpeg,peat_soil_00063.jpg,peat soil
peat_soil_119_0_6117.jpeg,peat_soil_00064.jpg,peat soil
peat_soil_24_0_9125.jpeg,peat_soil_00065.jpg,peat soil
peat_soil_44_0_7162.jpeg,peat_soil_00066.jpg,peat soil
peat_soil_89_0_2078.jpeg,peat_soil_00067.jpg,peat soil
peat_soil_82_0_1952.jpeg,peat_soil_00068.jpg,peat soil
peat_soil_98_0_3287.jpeg,peat_soil_00069.jpg,peat soil
peat_soil_146_0_6805 - Copy (2).jpeg,peat_soil_00070.jpg,peat soil
peat_soil_141_0_1728.jpeg,peat_soil_00071.jpg,peat soil
peat_soil_123_0_7562.jpeg,peat_soil_00072.jpg,peat soil
peat_soil_144_0_4899 - Copy (2).jpeg,peat_soil_00073.jpg,peat soil
peat_soil_8_0_7700.jpeg,peat_soil_00074.jpg,peat soil
peat_soil_57_0_863.jpeg,peat_soil_00075.jpg,peat soil
peat_soil_6_0_8769.jpeg,peat_soil_00076.jpg,peat soil
peat_soil_147_0_5520 - Copy - Copy.jpeg,peat_soil_00077.jpg,peat soil
peat_soil_43_0_2713.jpeg,peat_soil_00078.jpg,peat soil
peat_soil_153_0_1866 - Copy.jpeg,peat_soil_00079.jpg,peat soil
peat_soil_162_0_2632.jpeg,peat_soil_00080.jpg,peat soil
peat_soil_132_0_187.jpeg,peat_soil_00081.jpg,peat soil
peat_soil_156_0_3240.jpeg,peat_soil_00082.jpg,peat soil
peat_soil_87_0_6681.jpeg,peat_soil_00083.jpg,peat soil
peat_soil_113_0_3794.jpeg,peat_soil_00084.jpg,peat soil
peat_soil_116_0_1545 - Copy.jpeg,peat_soil_00085.jpg,peat soil
peat_soil_146_0_9591.jpeg,peat_soil_00086.jpg,peat soil
peat_soil_117_0_2484 - Copy.jpeg,peat_soil_00087.jpg,peat soil
peat_soil_107_0_3320.jpeg,peat_soil_00088.jpg,peat soil
peat_soil_42_0_4039.jpeg,peat_soil_00089.jpg,peat soil
peat_soil_134_0_6645 - Copy - Copy.jpeg,peat_soil_00090.jpg,peat soil
peat_soil_149_0_9685 - Copy (2).jpeg,peat_soil_00091.jpg,peat soil
peat_soil_154_0_1763 - Copy.jpeg,peat_soil_00092.jpg,peat soil
peat_soil_154_0_8884 - Copy.jpeg,peat_soil_00093.jpg,peat soil
peat_soil_94_0_3388.jpeg,peat_soil_00094.jpg,peat soil
peat_soil_77_0_2926.jpeg,peat_soil_00095.jpg,peat soil
peat_soil_90_0_5584.jpeg,peat_soil_00096.jpg,peat soil
peat_soil_36_0_9766.jpeg,peat_soil_00097.jpg,peat soil
peat_soil_124_0_4270.jpeg,peat_soil_00098.jpg,peat soil
peat_soil_130_0_9938 - Copy.jpeg,peat_soil_00099.jpg,peat soil
peat_soil_118_0_3022 - Copy.jpeg,peat_soil_00100.jpg,peat soil
peat_soil_21_0_8175.jpeg,peat_soil_00101.jpg,peat soil
peat_soil_95_0_8458.jpeg,peat_soil_00102.jpg,peat soil
peat_soil_123_0_490 - Copy.jpeg,peat_soil_00103.jpg,peat soil
peat_soil_155_0_9892.jpeg,peat_soil_00104.jpg,peat soil
peat_soil_43_0_5303.jpeg,peat_soil_00105.jpg,peat soil
peat_soil_129_0_6838 - Copy.jpeg,peat_soil_00106.jpg,peat soil
peat_soil_124_0_1046.jpeg,peat_soil_00107.jpg,peat soil
peat_soil_56_0_709.jpeg,peat_soil_00108.jpg,peat soil
peat_soil_127_0_658 - Copy.jpeg,peat_soil_00109.jpg,peat soil
peat_soil_13_0_6284.jpeg,peat_soil_00110.jpg,peat soil
peat_soil_105_0_7559.jpeg,peat_soil_00111.jpg,peat soil
peat_soil_63_0_5996.jpeg,peat_soil_00112.jpg,peat soil
peat_soil_137_0_9668 - Copy (2).jpeg,peat_soil_00113.jpg,peat soil
peat_soil_113_0_9782.jpeg,peat_soil_00114.jpg,peat soil
peat_soil_7_0_5272.jpeg,peat_soil_00115.jpg,peat soil
peat_soil_122_0_8199.jpeg,peat_soil_00116.jpg,peat soil
peat_soil_62_0_6453 - Copy.jpeg,peat_soil_00117.jpg,peat soil
peat_soil_23_0_692.jpeg,peat_soil_00118.jpg,peat soil
peat_soil_12_0_9824.jpeg,peat_soil_00119.jpg,peat soil
peat_soil_116_0_7985.jpeg,peat_soil_00120.jpg,peat soil
peat_soil_26_0_6551.jpeg,peat_soil_00121.jpg,peat soil
peat_soil_117_0_3404 - Copy.jpeg,peat_soil_00122.jpg,peat soil
peat_soil_128_0_1268 - Copy.jpeg,peat_soil_00123.jpg,peat soil
peat_soil_151_0_1056 - Copy.jpeg,peat_soil_00124.jpg,peat soil
peat_soil_13_0_126.jpeg,peat_soil_00125.jpg,peat soil
peat_soil_110_0_5926 - Copy.jpeg,peat_soil_00126.jpg,peat soil
peat_soil_137_0_2424 - Copy - Copy.jpeg,peat_soil_00127.jpg,peat soil
peat_soil_16_0_4642.jpeg,peat_soil_00128.jpg,peat soil
peat_soil_50_0_3081.jpeg,peat_soil_00129.jpg,peat soil
peat_soil_25_0_13.jpeg,peat_soil_00130.jpg,peat soil
peat_soil_127_0_4295 - Copy (2).jpeg,peat_soil_00131.jpg,peat soil
peat_soil_46_0_6825.jpeg,peat_soil_00132.jpg,peat soil
peat_soil_104_0_3682.jpeg,peat_soil_00133.jpg,peat soil
peat_soil_58_0_6525.jpeg,peat_soil_00134.jpg,peat soil
peat_soil_6_0_9776.jpeg,peat_soil_00135.jpg,peat soil
peat_soil_111_0_7477 - Copy.jpeg,peat_soil_00136.jpg,peat soil
peat_soil_31_0_9405.jpeg,peat_soil_00137.jpg,peat soil
peat_soil_103_0_472.jpeg,peat_soil_00138.jpg,peat soil
peat_soil_54_0_4348.jpeg,peat_soil_00139.jpg,peat soil
peat_soil_17_0_3860.jpeg,peat_soil_00140.jpg,peat soil
peat_soil_112_0_9153.jpeg,peat_soil_00141.jpg,peat soil
peat_soil_18_0_3828.jpeg,peat_soil_00142.jpg,peat soil
peat_soil_144_0_1204 - Copy (2).jpeg,peat_soil_00143.jpg,peat soil
peat_soil_45_0_1723.jpeg,peat_soil_00144.jpg,peat soil
peat_soil_131_0_8358 - Copy - Copy.jpeg,peat_soil_00145.jpg,peat soil
peat_soil_158_0_5354.jpeg,peat_soil_00146.jpg,peat soil
peat_soil_160_0_796.jpeg,peat_soil_00147.jpg,peat soil
peat_soil_152_0_8976.jpeg,peat_soil_00148.jpg,peat soil
peat_soil_109_0_9166.jpeg,peat_soil_00149.jpg,peat soil
peat_soil_125_0_1015.jpeg,peat_soil_00150.jpg,peat soil
peat_soil_163_0_7128.jpeg,peat_soil_00151.jpg,peat soil
peat_soil_29_0_2585.jpeg,peat_soil_00152.jpg,peat soil
peat_soil_46_0_5536.jpeg,peat_soil_00153.jpg,peat soil
peat_soil_57_0_914 - Copy.jpeg,peat_soil_00154.jpg,peat soil
peat_soil_111_0_1144.jpeg,peat_soil_00155.jpg,peat soil
peat_soil_3_0_4432.jpeg,peat_soil_00156.jpg,peat soil
peat_soil_20_0_3077.jpeg,peat_soil_00157.jpg,peat soil
peat_soil_150_0_9065 - Copy.jpeg,peat_soil_00158.jpg,peat soil
peat_soil_41_0_9325.jpeg,peat_soil_00159.jpg,peat soil
peat_soil_81_0_1623.jpeg,peat_soil_00160.jpg,peat soil
peat_soil_76_0_5824.jpeg,peat_soil_00161.jpg,peat soil
peat_soil_130_0_7638 - Copy.jpeg,peat_soil_00162.jpg,peat soil
peat_soil_91_0_9263.jpeg,peat_soil_00163.jpg,peat soil
peat_soil_8_0_7599.jpeg,peat_soil_00164.jpg,peat soil
peat_soil_97_0_3887.jpeg,peat_soil_00165.jpg,peat soil
peat_soil_51_0_2148.jpeg,peat_soil_00166.jpg,peat soil
peat_soil_108_0_3974.jpeg,peat_soil_00167.jpg,peat soil
peat_soil_15_0_3819.jpeg,peat_soil_00168.jpg,peat soil
peat_soil_15_0_3432.jpeg,peat_soil_00169.jpg,peat soil
peat_soil_115_0_721.jpeg,peat_soil_00170.jpg,peat soil
peat_soil_61_0_2651.jpeg,peat_soil_00171.jpg,peat soil
peat_soil_28_0_1268.jpeg,peat_soil_00172.jpg,peat soil
peat_soil_11_0_267.jpeg,peat_soil_00173.jpg,peat soil
peat_soil_159_0_6900.jpeg,peat_soil_00174.jpg,peat soil
peat_soil_100_0_7213.jpeg,peat_soil_00175.jpg,peat soil
peat_soil_32_0_1768.jpeg,peat_soil_00176.jpg,peat soil
peat_soil_162_0_7519.jpeg,peat_soil_00177.jpg,peat soil
peat_soil_31_0_4972.jpeg,peat_soil_00178.jpg,peat soil
peat_soil_83_0_2852.jpeg,peat_soil_00179.jpg,peat soil
peat_soil_104_0_605.jpeg,peat_soil_00180.jpg,peat soil
peat_soil_157_0_5163.jpeg,peat_soil_00181.jpg,peat soil
peat_soil_86_0_8466.jpeg,peat_soil_00182.jpg,peat soil
peat_soil_2_0_601.jpeg,peat_soil_00183.jpg,peat soil
peat_soil_16_0_5431.jpeg,peat_soil_00184.jpg,peat soil
peat_soil_94_0_8652.jpeg,peat_soil_00185.jpg,peat soil
peat_soil_30_0_2598.jpeg,peat_soil_00186.jpg,peat soil
peat_soil_155_0_5684.jpeg,peat_soil_00187.jpg,peat soil
peat_soil_106_0_4383.jpeg,peat_soil_00188.jpg,peat soil
peat_soil_14_0_9293.jpeg,peat_soil_00189.jpg,peat soil
peat_soil_1_0_7065.jpeg,peat_soil_00190.jpg,peat soil
peat_soil_152_0_6195 - Copy (2).jpeg,peat_soil_00191.jpg,peat soil
peat_soil_53_0_1293.jpeg,peat_soil_00192.jpg,peat soil
peat_soil_23_0_382.jpeg,peat_soil_00193.jpg,peat soil
peat_soil_99_0_2482.jpeg,peat_soil_00194.jpg,peat soil
peat_soil_119_0_696.jpeg,peat_soil_00195.jpg,peat soil
peat_soil_47_0_613.jpeg,peat_soil_00196.jpg,peat soil
peat_soil_114_0_3411.jpeg,peat_soil_00197.jpg,peat soil
peat_soil_88_0_9098.jpeg,peat_soil_00198.jpg,peat soil
peat_soil_52_0_3326.jpeg,peat_soil_00199.jpg,peat soil
peat_soil_37_0_8870.jpeg,peat_soil_00200.jpg,peat soil
peat_soil_27_0_1622.jpeg,peat_soil_00201.jpg,peat soil
peat_soil_100_0_9587.jpeg,peat_soil_00202.jpg,peat soil
peat_soil_35_0_2845.jpeg,peat_soil_00203.jpg,peat soil
peat_soil_91_0_5328.jpeg,peat_soil_00204.jpg,peat soil
peat_soil_99_0_5780.jpeg,peat_soil_00205.jpg,peat soil
peat_soil_62_0_9367.jpeg,peat_soil_00206.jpg,peat soil
peat_soil_156_0_4662.jpeg,peat_soil_00207.jpg,peat soil
peat_soil_27_0_6431.jpeg,peat_soil_00208.jpg,peat soil
peat_soil_148_0_795.jpeg,peat_soil_00209.jpg,peat soil
peat_soil_39_0_7281.jpeg,peat_soil_00210.jpg,peat soil
peat_soil_40_0_1084.jpeg,peat_soil_00211.jpg,peat soil
peat_soil_11_0_8921.jpeg,peat_soil_00212.jpg,peat soil
peat_soil_128_0_5539.jpeg,peat_soil_00213.jpg,peat soil
peat_soil_97_0_4038.jpeg,peat_soil_00214.jpg,peat soil
peat_soil_5_0_4855.jpeg,peat_soil_00215.jpg,peat soil
peat_soil_7_0_9858.jpeg,peat_soil_00216.jpg,peat soil
peat_soil_157_0_2627.jpeg,peat_soil_00217.jpg,peat soil
peat_soil_20_0_5816.jpeg,peat_soil_00218.jpg,peat soil
peat_soil_5_0_9562.jpeg,peat_soil_00219.jpg,peat soil
peat_soil_25_0_7083.jpeg,peat_soil_00220.jpg,peat soil
peat_soil_112_0_7100 - Copy.jpeg,peat_soil_00221.jpg,peat soil
peat_soil_41_0_5292.jpeg,peat_soil_00222.jpg,peat soil
peat_soil_96_0_2067.jpeg,peat_soil_00223.jpg,peat soil
peat_soil_105_0_8189.jpeg,peat_soil_00224.jpg,peat soil
peat_soil_14_0_4132.jpeg,peat_soil_00225.jpg,peat soil
peat_soil_32_0_5819.jpeg,peat_soil_00226.jpg,peat soil
peat_soil_22_0_3321.jpeg,peat_soil_00227.jpg,peat soil
peat_soil_92_0_4910.jpeg,peat_soil_00228.jpg,peat soil
peat_soil_60_0_3080.jpeg,peat_soil_00229.jpg,peat soil
peat_soil_84_0_737.jpeg,peat_soil_00230.jpg,peat soil
peat_soil_51_0_1286.jpeg,peat_soil_00231.jpg,peat soil
peat_soil_37_0_963.jpeg,peat_soil_00232.jpg,peat soil
peat_soil_85_0_1281.jpeg,peat_soil_00233.jpg,peat soil
peat_soil_63_0_9765 - Copy.jpeg,peat_soil_00234.jpg,peat soil
peat_soil_79_0_6348.jpeg,peat_soil_00235.jpg,peat soil
peat_soil_103_0_9198.jpeg,peat_soil_00236.jpg,peat soil
peat_soil_142_0_8816 - Copy.jpeg,peat_soil_00237.jpg,peat soil
peat_soil_10_0_3440.jpeg,peat_soil_00238.jpg,peat soil
peat_soil_38_0_3992.jpeg,peat_soil_00239.jpg,peat soil
peat_soil_81_0_1842.jpeg,peat_soil_00240.jpg,peat soil
peat_soil_120_0_744.jpeg,peat_soil_00241.jpg,peat soil
peat_soil_9_0_5522.jpeg,peat_soil_00242.jpg,peat soil
peat_soil_54_0_8488.jpeg,peat_soil_00243.jpg,peat soil
peat_soil_21_0_8580.jpeg,peat_soil_00244.jpg,peat soil
peat_soil_19_0_5694.jpeg,peat_soil_00245.jpg,peat soil
peat_soil_102_0_2146.jpeg,peat_soil_00246.jpg,peat soil
peat_soil_33_0_1102.jpeg,peat_soil_00247.jpg,peat soil
peat_soil_96_0_5477.jpeg,peat_soil_00248.jpg,peat soil
peat_soil_30_0_3845.jpeg,peat_soil_00249.jpg,peat soil
peat_soil_101_0_6228.jpeg,peat_soil_00250.jpg,peat soil
peat_soil_52_0_356.jpeg,peat_soil_00251.jpg,peat soil
peat_soil_164_0_1272.jpeg,peat_soil_00252.jpg,peat soil
peat_soil_61_0_1264.jpeg,peat_soil_00253.jpg,peat soil
peat_soil_38_0_9176.jpeg,peat_soil_00254.jpg,peat soil
peat_soil_153_0_562 - Copy.jpeg,peat_soil_00255.jpg,peat soil
peat_soil_80_0_4008.jpeg,peat_soil_00256.jpg,peat soil
peat_soil_161_0_8381.jpeg,peat_soil_00257.jpg,peat soil
peat_soil_1_0_4101.jpeg,peat_soil_00258.jpg,peat soil
peat_soil_115_0_2169.jpeg,peat_soil_00259.jpg,peat soil
peat_soil_102_0_6449.jpeg,peat_soil_00260.jpg,peat soil
peat_soil_60_0_6070 - Copy.jpeg,peat_soil_00261.jpg,peat soil
peat_soil_164_0_5344.jpeg,peat_soil_00262.jpg,peat soil
peat_soil_161_0_2764.jpeg,peat_soil_00263.jpg,peat soil
peat_soil_33_0_8285.jpeg,peat_soil_00264.jpg,peat soil
peat_soil_4_0_1559.jpeg,peat_soil_00265.jpg,peat soil
peat_soil_39_0_5621.jpeg,peat_soil_00266.jpg,peat soil
peat_soil_28_0_7724.jpeg,peat_soil_00267.jpg,peat soil
peat_soil_88_0_9962.jpeg,peat_soil_00268.jpg,peat soil
peat_soil_24_0_4746.jpeg,peat_soil_00269.jpg,peat soil
peat_soil_80_0_5947.jpeg,peat_soil_00270.jpg,peat soil
peat_soil_101_0_8588.jpeg,peat_soil_00271.jpg,peat soil
peat_soil_82_0_475.jpeg,peat_soil_00272.jpg,peat soil
peat_soil_45_0_1497.jpeg,peat_soil_00273.jpg,peat soil
peat_soil_110_0_4540.jpeg,peat_soil_00274.jpg,peat soil
peat_soil_2_0_1710.jpeg,peat_soil_00275.jpg,peat soil
peat_soil_131_0_1182 - Copy (2).jpeg,peat_soil_00276.jpg,peat soil
peat_soil_93_0_7392.jpeg,peat_soil_00277.jpg,peat soil
peat_soil_22_0_634.jpeg,peat_soil_00278.jpg,peat soil
peat_soil_47_0_9155.jpeg,peat_soil_00279.jpg,peat soil
peat_soil_29_0_6320.jpeg,peat_soil_00280.jpg,peat soil
peat_soil_107_0_7816.jpeg,peat_soil_00281.jpg,peat soil
peat_soil_92_0_7731.jpeg,peat_soil_00282.jpg,peat soil
peat_soil_55_0_4809.jpeg,peat_soil_00283.jpg,peat soil
peat_soil_10_0_5641.jpeg,peat_soil_00284.jpg,peat soil
peat_soil_12_0_8667.jpeg,peat_soil_00285.jpg,peat soil
peat_soil_84_0_76.jpeg,peat_soil_00286.jpg,peat soil
peat_soil_34_0_2548.jpeg,peat_soil_00287.jpg,peat soil
peat_soil_79_0_258.jpeg,peat_soil_00288.jpg,peat soil
peat_soil_36_0_1571.jpeg,peat_soil_00289.jpg,peat soil
peat_soil_53_0_3620.jpeg,peat_soil_00290.jpg,peat soil
peat_soil_0_0_9259.jpeg,peat_soil_00291.jpg,peat soil
peat_soil_4_0_6027.jpeg,peat_soil_00292.jpg,peat soil
peat_soil_48_0_8221.jpeg,peat_soil_00293.jpg,peat soil
peat_soil_48_0_7478.jpeg,peat_soil_00294.jpg,peat soil
peat_soil_18_0_8715.jpeg,peat_soil_00295.jpg,peat soil
peat_soil_3_0_8888.jpeg,peat_soil_00296.jpg,peat soil
peat_soil_50_0_8195.jpeg,peat_soil_00297.jpg,peat soil
peat_soil_0_0_7923.jpeg,peat_soil_00298.jpg,peat soil
peat_soil_42_0_4513.jpeg,peat_soil_00299.jpg,peat soil
peat_soil_163_0_2367.jpeg,peat_soil_00300.jpg,peat soil
peat_soil_109_0_3292.jpeg,peat_soil_00301.jpg,peat soil
peat_soil_77_0_5991.jpeg,peat_soil_00302.jpg,peat soil
peat_soil_159_0_1741.jpeg,peat_soil_00303.jpg,peat soil
peat_soil_95_0_8927.jpeg,peat_soil_00304.jpg,peat soil
peat_soil_56_0_236.jpeg,peat_soil_00305.jpg,peat soil
cinder_soil_19_0_7777.jpeg,cinder_soil_00306.jpg,cinder soil
cinder_soil_160_0_1946.jpeg,cinder_soil_00307.jpg,cinder soil
cinder_soil_121_0_2225.jpeg,cinder_soil_00308.jpg,cinder soil
cinder_soil_106_0_6073.jpeg,cinder_soil_00309.jpg,cinder soil
cinder_soil_30_0_3436.jpeg,cinder_soil_00310.jpg,cinder soil
cinder_soil_155_0_7025.jpeg,cinder_soil_00311.jpg,cinder soil
cinder_soil_19_0_304.jpeg,cinder_soil_00312.jpg,cinder soil
cinder_soil_160_0_3531.jpeg,cinder_soil_00313.jpg,cinder soil
cinder_soil_146_0_9811.jpeg,cinder_soil_00314.jpg,cinder soil
cinder_soil_127_0_2749.jpeg,cinder_soil_00315.jpg,cinder soil
cinder_soil_65_0_2218.jpeg,cinder_soil_00316.jpg,cinder soil
cinder_soil_39_0_3910.jpeg,cinder_soil_00317.jpg,cinder soil
cinder_soil_81_0_5362.jpeg,cinder_soil_00318.jpg,cinder soil
cinder_soil_115_0_1074.jpeg,cinder_soil_00319.jpg,cinder soil
cinder_soil_131_0_3476.jpeg,cinder_soil_00320.jpg,cinder soil
cinder_soil_17_0_6737.jpeg,cinder_soil_00321.jpg,cinder soil
cinder_soil_50_0_6251.jpeg,cinder_soil_00322.jpg,cinder soil
cinder_soil_100_0_4851.jpeg,cinder_soil_00323.jpg,cinder soil
cinder_soil_14_0_2701.jpeg,cinder_soil_00324.jpg,cinder soil
cinder_soil_152_0_5544.jpeg,cinder_soil_00325.jpg,cinder soil
cinder_soil_58_0_8015.jpeg,cinder_soil_00326.jpg,cinder soil
cinder_soil_45_0_9139.jpeg,cinder_soil_00327.jpg,cinder soil
cinder_soil_1_0_6385.jpeg,cinder_soil_00328.jpg,cinder soil
cinder_soil_81_0_2917.jpeg,cinder_soil_00329.jpg,cinder soil
cinder_soil_143_0_7130.jpeg,cinder_soil_00330.jpg,cinder soil
cinder_soil_107_0_1132.jpeg,cinder_soil_00331.jpg,cinder soil
cinder_soil_26_0_5536.jpeg,cinder_soil_00332.jpg,cinder soil
cinder_soil_131_0_8163.jpeg,cinder_soil_00333.jpg,cinder soil
cinder_soil_71_0_4256.jpeg,cinder_soil_00334.jpg,cinder soil
cinder_soil_135_0_2241.jpeg,cinder_soil_00335.jpg,cinder soil
cinder_soil_82_0_7221.jpeg,cinder_soil_00336.jpg,cinder soil
cinder_soil_89_0_1135.jpeg,cinder_soil_00337.jpg,cinder soil
cinder_soil_145_0_2218.jpeg,cinder_soil_00338.jpg,cinder soil
cinder_soil_12_0_6687.jpeg,cinder_soil_00339.jpg,cinder soil
cinder_soil_151_0_6074.jpeg,cinder_soil_00340.jpg,cinder soil
cinder_soil_53_0_4464.jpeg,cinder_soil_00341.jpg,cinder soil
cinder_soil_56_0_5918.jpeg,cinder_soil_00342.jpg,cinder soil
cinder_soil_125_0_367.jpeg,cinder_soil_00343.jpg,cinder soil
cinder_soil_143_0_8300.jpeg,cinder_soil_00344.jpg,cinder soil
cinder_soil_101_0_9015.jpeg,cinder_soil_00345.jpg,cinder soil
cinder_soil_145_0_8149.jpeg,cinder_soil_00346.jpg,cinder soil
cinder_soil_155_0_1832.jpeg,cinder_soil_00347.jpg,cinder soil
cinder_soil_124_0_3555.jpeg,cinder_soil_00348.jpg,cinder soil
cinder_soil_20_0_902.jpeg,cinder_soil_00349.jpg,cinder soil
cinder_soil_134_0_3157.jpeg,cinder_soil_00350.jpg,cinder soil
cinder_soil_44_0_8043.jpeg,cinder_soil_00351.jpg,cinder soil
cinder_soil_32_0_6889.jpeg,cinder_soil_00352.jpg,cinder soil
cinder_soil_104_0_6219.jpeg,cinder_soil_00353.jpg,cinder soil
cinder_soil_23_0_4527.jpeg,cinder_soil_00354.jpg,cinder soil
cinder_soil_33_0_786.jpeg,cinder_soil_00355.jpg,cinder soil
cinder_soil_136_0_8623.jpeg,cinder_soil_00356.jpg,cinder soil
cinder_soil_75_0_9238.jpeg,cinder_soil_00357.jpg,cinder soil
cinder_soil_26_0_3743.jpeg,cinder_soil_00358.jpg,cinder soil
cinder_soil_39_0_6449.jpeg,cinder_soil_00359.jpg,cinder soil
cinder_soil_110_0_3918.jpeg,cinder_soil_00360.jpg,cinder soil
cinder_soil_128_0_524.jpeg,cinder_soil_00361.jpg,cinder soil
cinder_soil_117_0_2218.jpeg,cinder_soil_00362.jpg,cinder soil
cinder_soil_131_0_5719.jpeg,cinder_soil_00363.jpg,cinder soil
cinder_soil_72_0_5837.jpeg,cinder_soil_00364.jpg,cinder soil
cinder_soil_71_0_841.jpeg,cinder_soil_00365.jpg,cinder soil
cinder_soil_61_0_6188.jpeg,cinder_soil_00366.jpg,cinder soil
cinder_soil_99_0_7655.jpeg,cinder_soil_00367.jpg,cinder soil
cinder_soil_85_0_3499.jpeg,cinder_soil_00368.jpg,cinder soil
cinder_soil_69_0_5205.jpeg,cinder_soil_00369.jpg,cinder soil
cinder_soil_15_0_8826.jpeg,cinder_soil_00370.jpg,cinder soil
cinder_soil_125_0_4457.jpeg,cinder_soil_00371.jpg,cinder soil
cinder_soil_118_0_7449.jpeg,cinder_soil_00372.jpg,cinder soil
cinder_soil_137_0_5203.jpeg,cinder_soil_00373.jpg,cinder soil
cinder_soil_52_0_8153.jpeg,cinder_soil_00374.jpg,cinder soil
cinder_soil_112_0_1600.jpeg,cinder_soil_00375.jpg,cinder soil
cinder_soil_73_0_6886.jpeg,cinder_soil_00376.jpg,cinder soil
cinder_soil_152_0_133.jpeg,cinder_soil_00377.jpg,cinder soil
cinder_soil_123_0_9103.jpeg,cinder_soil_00378.jpg,cinder soil
cinder_soil_51_0_8711.jpeg,cinder_soil_00379.jpg,cinder soil
cinder_soil_157_0_4776.jpeg,cinder_soil_00380.jpg,cinder soil
cinder_soil_93_0_1619.jpeg,cinder_soil_00381.jpg,cinder soil
cinder_soil_52_0_5090.jpeg,cinder_soil_00382.jpg,cinder soil
cinder_soil_157_0_8332.jpeg,cinder_soil_00383.jpg,cinder soil
cinder_soil_138_0_7901.jpeg,cinder_soil_00384.jpg,cinder soil
cinder_soil_119_0_5870.jpeg,cinder_soil_00385.jpg,cinder soil
cinder_soil_119_0_1582.jpeg,cinder_soil_00386.jpg,cinder soil
cinder_soil_125_0_7081.jpeg,cinder_soil_00387.jpg,cinder soil
cinder_soil_83_0_4540.jpeg,cinder_soil_00388.jpg,cinder soil
cinder_soil_63_0_1405.jpeg,cinder_soil_00389.jpg,cinder soil
cinder_soil_29_0_1443.jpeg,cinder_soil_00390.jpg,cinder soil
cinder_soil_93_0_1290.jpeg,cinder_soil_00391.jpg,cinder soil
cinder_soil_138_0_5045.jpeg,cinder_soil_00392.jpg,cinder soil
cinder_soil_56_0_5714.jpeg,cinder_soil_00393.jpg,cinder soil
cinder_soil_25_0_422.jpeg,cinder_soil_00394.jpg,cinder soil
cinder_soil_100_0_6345.jpeg,cinder_soil_00395.jpg,cinder soil
cinder_soil_150_0_5328.jpeg,cinder_soil_00396.jpg,cinder soil
cinder_soil_65_0_296.jpeg,cinder_soil_00397.jpg,cinder soil
cinder_soil_14_0_4119.jpeg,cinder_soil_00398.jpg,cinder soil
cinder_soil_74_0_8466.jpeg,cinder_soil_00399.jpg,cinder soil
cinder_soil_47_0_7733.jpeg,cinder_soil_00400.jpg,cinder soil
cinder_soil_11_0_7710.jpeg,cinder_soil_00401.jpg,cinder soil
cinder_soil_116_0_6169.jpeg,cinder_soil_00402.jpg,cinder soil
cinder_soil_50_0_7868.jpeg,cinder_soil_00403.jpg,cinder soil
cinder_soil_2_0_3005.jpeg,cinder_soil_00404.jpg,cinder soil
cinder_soil_122_0_623.jpeg,cinder_soil_00405.jpg,cinder soil
cinder_soil_128_0_8938.jpeg,cinder_soil_00406.jpg,cinder soil
cinder_soil_2_0_9483.jpeg,cinder_soil_00407.jpg,cinder soil
cinder_soil_67_0_3209.jpeg,cinder_soil_00408.jpg,cinder soil
cinder_soil_19_0_7114.jpeg,cinder_soil_00409.jpg,cinder soil
cinder_soil_154_0_8331.jpeg,cinder_soil_00410.jpg,cinder soil
cinder_soil_19_0_7519.jpeg,cinder_soil_00411.jpg,cinder soil
cinder_soil_115_0_4989.jpeg,cinder_soil_00412.jpg,cinder soil
cinder_soil_152_0_9069.jpeg,cinder_soil_00413.jpg,cinder soil
cinder_soil_142_0_1469.jpeg,cinder_soil_00414.jpg,cinder soil
cinder_soil_117_0_433.jpeg,cinder_soil_00415.jpg,cinder soil
cinder_soil_118_0_1646.jpeg,cinder_soil_00416.jpg,cinder soil
cinder_soil_146_0_6662.jpeg,cinder_soil_00417.jpg,cinder soil
cinder_soil_34_0_3343.jpeg,cinder_soil_00418.jpg,cinder soil
cinder_soil_127_0_3158.jpeg,cinder_soil_00419.jpg,cinder soil
cinder_soil_60_0_2487.jpeg,cinder_soil_00420.jpg,cinder soil
cinder_soil_43_0_8808.jpeg,cinder_soil_00421.jpg,cinder soil
cinder_soil_109_0_139.jpeg,cinder_soil_00422.jpg,cinder soil
cinder_soil_24_0_8130.jpeg,cinder_soil_00423.jpg,cinder soil
cinder_soil_144_0_8096.jpeg,cinder_soil_00424.jpg,cinder soil
cinder_soil_31_0_8496.jpeg,cinder_soil_00425.jpg,cinder soil
cinder_soil_146_0_5088.jpeg,cinder_soil_00426.jpg,cinder soil
cinder_soil_64_0_6381.jpeg,cinder_soil_00427.jpg,cinder soil
cinder_soil_5_0_4030.jpeg,cinder_soil_00428.jpg,cinder soil
cinder_soil_153_0_4693.jpeg,cinder_soil_00429.jpg,cinder soil
cinder_soil_0_0_1691.jpeg,cinder_soil_00430.jpg,cinder soil
cinder_soil_158_0_9409.jpeg,cinder_soil_00431.jpg,cinder soil
cinder_soil_18_0_4035.jpeg,cinder_soil_00432.jpg,cinder soil
cinder_soil_149_0_2384.jpeg,cinder_soil_00433.jpg,cinder soil
cinder_soil_142_0_7788.jpeg,cinder_soil_00434.jpg,cinder soil
cinder_soil_161_0_196.jpeg,cinder_soil_00435.jpg,cinder soil
cinder_soil_48_0_4913.jpeg,cinder_soil_00436.jpg,cinder soil
cinder_soil_84_0_8930.jpeg,cinder_soil_00437.jpg,cinder soil
cinder_soil_148_0_4656.jpeg,cinder_soil_00438.jpg,cinder soil
cinder_soil_13_0_8850.jpeg,cinder_soil_00439.jpg,cinder soil
cinder_soil_98_0_6600.jpeg,cinder_soil_00440.jpg,cinder soil
cinder_soil_136_0_1346.jpeg,cinder_soil_00441.jpg,cinder soil
cinder_soil_123_0_9455.jpeg,cinder_soil_00442.jpg,cinder soil
cinder_soil_1_0_7618.jpeg,cinder_soil_00443.jpg,cinder soil
cinder_soil_34_0_9686.jpeg,cinder_soil_00444.jpg,cinder soil
cinder_soil_145_0_6052.jpeg,cinder_soil_00445.jpg,cinder soil
cinder_soil_142_0_6550.jpeg,cinder_soil_00446.jpg,cinder soil
cinder_soil_80_0_1200.jpeg,cinder_soil_00447.jpg,cinder soil
cinder_soil_27_0_9388.jpeg,cinder_soil_00448.jpg,cinder soil
cinder_soil_92_0_6827.jpeg,cinder_soil_00449.jpg,cinder soil
cinder_soil_6_0_6275.jpeg,cinder_soil_00450.jpg,cinder soil
cinder_soil_15_0_4609.jpeg,cinder_soil_00451.jpg,cinder soil
cinder_soil_14_0_9792.jpeg,cinder_soil_00452.jpg,cinder soil
cinder_soil_150_0_8953.jpeg,cinder_soil_00453.jpg,cinder soil
cinder_soil_144_0_6674.jpeg,cinder_soil_00454.jpg,cinder soil
cinder_soil_87_0_9731.jpeg,cinder_soil_00455.jpg,cinder soil
cinder_soil_72_0_9720.jpeg,cinder_soil_00456.jpg,cinder soil
cinder_soil_29_0_1872.jpeg,cinder_soil_00457.jpg,cinder soil
cinder_soil_110_0_6178.jpeg,cinder_soil_00458.jpg,cinder soil
cinder_soil_118_0_1208.jpeg,cinder_soil_00459.jpg,cinder soil
cinder_soil_4_0_9834.jpeg,cinder_soil_00460.jpg,cinder soil
cinder_soil_99_0_3892.jpeg,cinder_soil_00461.jpg,cinder soil
cinder_soil_87_0_2835.jpeg,cinder_soil_00462.jpg,cinder soil
cinder_soil_108_0_7067.jpeg,cinder_soil_00463.jpg,cinder soil
cinder_soil_97_0_9802.jpeg,cinder_soil_00464.jpg,cinder soil
cinder_soil_37_0_6561.jpeg,cinder_soil_00465.jpg,cinder soil
cinder_soil_132_0_1138.jpeg,cinder_soil_00466.jpg,cinder soil
cinder_soil_110_0_7661.jpeg,cinder_soil_00467.jpg,cinder soil
cinder_soil_120_0_1550.jpeg,cinder_soil_00468.jpg,cinder soil
cinder_soil_127_0_5137.jpeg,cinder_soil_00469.jpg,cinder soil
cinder_soil_31_0_3513.jpeg,cinder_soil_00470.jpg,cinder soil
cinder_soil_122_0_9429.jpeg,cinder_soil_00471.jpg,cinder soil
cinder_soil_76_0_6202.jpeg,cinder_soil_00472.jpg,cinder soil
cinder_soil_26_0_5204.jpeg,cinder_soil_00473.jpg,cinder soil
cinder_soil_153_0_8154.jpeg,cinder_soil_00474.jpg,cinder soil
cinder_soil_97_0_6266.jpeg,cinder_soil_00475.jpg,cinder soil
cinder_soil_73_0_2459.jpeg,cinder_soil_00476.jpg,cinder soil
cinder_soil_152_0_4131.jpeg,cinder_soil_00477.jpg,cinder soil
cinder_soil_32_0_6739.jpeg,cinder_soil_00478.jpg,cinder soil
cinder_soil_159_0_7435.jpeg,cinder_soil_00479.jpg,cinder soil
cinder_soil_149_0_3481.jpeg,cinder_soil_00480.jpg,cinder soil
cinder_soil_18_0_1143.jpeg,cinder_soil_00481.jpg,cinder soil
cinder_soil_9_0_4593.jpeg,cinder_soil_00482.jpg,cinder soil
cinder_soil_41_0_686.jpeg,cinder_soil_00483.jpg,cinder soil
cinder_soil_144_0_942.jpeg,cinder_soil_00484.jpg,cinder soil
cinder_soil_28_0_8632.jpeg,cinder_soil_00485.jpg,cinder soil
cinder_soil_141_0_2717.jpeg,cinder_soil_00486.jpg,cinder soil
cinder_soil_115_0_6382.jpeg,cinder_soil_00487.jpg,cinder soil
cinder_soil_149_0_9744.jpeg,cinder_soil_00488.jpg,cinder soil
cinder_soil_84_0_1892.jpeg,cinder_soil_00489.jpg,cinder soil
cinder_soil_120_0_8857.jpeg,cinder_soil_00490.jpg,cinder soil
cinder_soil_20_0_1887.jpeg,cinder_soil_00491.jpg,cinder soil
cinder_soil_51_0_269.jpeg,cinder_soil_00492.jpg,cinder soil
cinder_soil_47_0_1837.jpeg,cinder_soil_00493.jpg,cinder soil
cinder_soil_154_0_2170.jpeg,cinder_soil_00494.jpg,cinder soil
cinder_soil_136_0_4984.jpeg,cinder_soil_00495.jpg,cinder soil
cinder_soil_156_0_89.jpeg,cinder_soil_00496.jpg,cinder soil
cinder_soil_141_0_6016.jpeg,cinder_soil_00497.jpg,cinder soil
cinder_soil_151_0_2322.jpeg,cinder_soil_00498.jpg,cinder soil
cinder_soil_70_0_2600.jpeg,cinder_soil_00499.jpg,cinder soil
cinder_soil_22_0_7735.jpeg,cinder_soil_00500.jpg,cinder soil
cinder_soil_30_0_6172.jpeg,cinder_soil_00501.jpg,cinder soil
cinder_soil_134_0_501.jpeg,cinder_soil_00502.jpg,cinder soil
cinder_soil_49_0_6565.jpeg,cinder_soil_00503.jpg,cinder soil
cinder_soil_89_0_8581.jpeg,cinder_soil_00504.jpg,cinder soil
cinder_soil_138_0_1233.jpeg,cinder_soil_00505.jpg,cinder soil
cinder_soil_130_0_8378.jpeg,cinder_soil_00506.jpg,cinder soil
cinder_soil_121_0_727.jpeg,cinder_soil_00507.jpg,cinder soil
cinder_soil_8_0_9971.jpeg,cinder_soil_00508.jpg,cinder soil
cinder_soil_30_0_383.jpeg,cinder_soil_00509.jpg,cinder soil
cinder_soil_163_0_9816.jpeg,cinder_soil_00510.jpg,cinder soil
cinder_soil_132_0_3834.jpeg,cinder_soil_00511.jpg,cinder soil
cinder_soil_121_0_7999.jpeg,cinder_soil_00512.jpg,cinder soil
cinder_soil_25_0_9870.jpeg,cinder_soil_00513.jpg,cinder soil
cinder_soil_74_0_3931.jpeg,cinder_soil_00514.jpg,cinder soil
cinder_soil_17_0_1718.jpeg,cinder_soil_00515.jpg,cinder soil
cinder_soil_114_0_5628.jpeg,cinder_soil_00516.jpg,cinder soil
cinder_soil_16_0_2491.jpeg,cinder_soil_00517.jpg,cinder soil
cinder_soil_55_0_6324.jpeg,cinder_soil_00518.jpg,cinder soil
cinder_soil_59_0_6690.jpeg,cinder_soil_00519.jpg,cinder soil
cinder_soil_158_0_2548.jpeg,cinder_soil_00520.jpg,cinder soil
cinder_soil_119_0_9565.jpeg,cinder_soil_00521.jpg,cinder soil
cinder_soil_157_0_2172.jpeg,cinder_soil_00522.jpg,cinder soil
cinder_soil_79_0_5791.jpeg,cinder_soil_00523.jpg,cinder soil
cinder_soil_111_0_9217.jpeg,cinder_soil_00524.jpg,cinder soil
cinder_soil_161_0_5995.jpeg,cinder_soil_00525.jpg,cinder soil
cinder_soil_70_0_3879.jpeg,cinder_soil_00526.jpg,cinder soil
cinder_soil_129_0_4697.jpeg,cinder_soil_00527.jpg,cinder soil
cinder_soil_41_0_5236.jpeg,cinder_soil_00528.jpg,cinder soil
cinder_soil_108_0_1807.jpeg,cinder_soil_00529.jpg,cinder soil
cinder_soil_91_0_2689.jpeg,cinder_soil_00530.jpg,cinder soil
cinder_soil_68_0_9608.jpeg,cinder_soil_00531.jpg,cinder soil
cinder_soil_8_0_8354.jpeg,cinder_soil_00532.jpg,cinder soil
cinder_soil_103_0_7440.jpeg,cinder_soil_00533.jpg,cinder soil
cinder_soil_113_0_7599.jpeg,cinder_soil_00534.jpg,cinder soil
cinder_soil_83_0_9890.jpeg,cinder_soil_00535.jpg,cinder soil
cinder_soil_62_0_3515.jpeg,cinder_soil_00536.jpg,cinder soil
cinder_soil_140_0_288.jpeg,cinder_soil_00537.jpg,cinder soil
cinder_soil_126_0_7391.jpeg,cinder_soil_00538.jpg,cinder soil
cinder_soil_113_0_2852.jpeg,cinder_soil_00539.jpg,cinder soil
cinder_soil_135_0_8931.jpeg,cinder_soil_00540.jpg,cinder soil
cinder_soil_75_0_4569.jpeg,cinder_soil_00541.jpg,cinder soil
cinder_soil_88_0_6697.jpeg,cinder_soil_00542.jpg,cinder soil
cinder_soil_57_0_4651.jpeg,cinder_soil_00543.jpg,cinder soil
cinder_soil_86_0_470.jpeg,cinder_soil_00544.jpg,cinder soil
cinder_soil_105_0_4255.jpeg,cinder_soil_00545.jpg,cinder soil
cinder_soil_72_0_9765.jpeg,cinder_soil_00546.jpg,cinder soil
cinder_soil_96_0_1152.jpeg,cinder_soil_00547.jpg,cinder soil
cinder_soil_0_0_1577.jpeg,cinder_soil_00548.jpg,cinder soil
cinder_soil_150_0_2851.jpeg,cinder_soil_00549.jpg,cinder soil
cinder_soil_164_0_5537.jpeg,cinder_soil_00550.jpg,cinder soil
cinder_soil_130_0_8658.jpeg,cinder_soil_00551.jpg,cinder soil
cinder_soil_139_0_3057.jpeg,cinder_soil_00552.jpg,cinder soil
cinder_soil_114_0_6843.jpeg,cinder_soil_00553.jpg,cinder soil
cinder_soil_120_0_7725.jpeg,cinder_soil_00554.jpg,cinder soil
cinder_soil_36_0_5361.jpeg,cinder_soil_00555.jpg,cinder soil
cinder_soil_107_0_1809.jpeg,cinder_soil_00556.jpg,cinder soil
cinder_soil_107_0_4392.jpeg,cinder_soil_00557.jpg,cinder soil
cinder_soil_6_0_3933.jpeg,cinder_soil_00558.jpg,cinder soil
cinder_soil_75_0_3247.jpeg,cinder_soil_00559.jpg,cinder soil
cinder_soil_92_0_6066.jpeg,cinder_soil_00560.jpg,cinder soil
cinder_soil_138_0_3329.jpeg,cinder_soil_00561.jpg,cinder soil
cinder_soil_124_0_9404.jpeg,cinder_soil_00562.jpg,cinder soil
cinder_soil_82_0_4342.jpeg,cinder_soil_00563.jpg,cinder soil
cinder_soil_33_0_6834.jpeg,cinder_soil_00564.jpg,cinder soil
cinder_soil_77_0_186.jpeg,cinder_soil_00565.jpg,cinder soil
cinder_soil_159_0_6971.jpeg,cinder_soil_00566.jpg,cinder soil
cinder_soil_137_0_226.jpeg,cinder_soil_00567.jpg,cinder soil
cinder_soil_108_0_6833.jpeg,cinder_soil_00568.jpg,cinder soil
cinder_soil_22_0_2229.jpeg,cinder_soil_00569.jpg,cinder soil
cinder_soil_27_0_1521.jpeg,cinder_soil_00570.jpg,cinder soil
cinder_soil_123_0_9130.jpeg,cinder_soil_00571.jpg,cinder soil
cinder_soil_159_0_4861.jpeg,cinder_soil_00572.jpg,cinder soil
cinder_soil_23_0_8872.jpeg,cinder_soil_00573.jpg,cinder soil
cinder_soil_160_0_4986.jpeg,cinder_soil_00574.jpg,cinder soil
cinder_soil_111_0_2943.jpeg,cinder_soil_00575.jpg,cinder soil
cinder_soil_25_0_6363.jpeg,cinder_soil_00576.jpg,cinder soil
cinder_soil_94_0_7771.jpeg,cinder_soil_00577.jpg,cinder soil
cinder_soil_147_0_4528.jpeg,cinder_soil_00578.jpg,cinder soil
cinder_soil_35_0_6008.jpeg,cinder_soil_00579.jpg,cinder soil
cinder_soil_122_0_8648.jpeg,cinder_soil_00580.jpg,cinder soil
cinder_soil_35_0_3684.jpeg,cinder_soil_00581.jpg,cinder soil
cinder_soil_18_0_4527.jpeg,cinder_soil_00582.jpg,cinder soil
cinder_soil_112_0_888.jpeg,cinder_soil_00583.jpg,cinder soil
cinder_soil_59_0_9811.jpeg,cinder_soil_00584.jpg,cinder soil
cinder_soil_146_0_6968.jpeg,cinder_soil_00585.jpg,cinder soil
cinder_soil_132_0_4052.jpeg,cinder_soil_00586.jpg,cinder soil
cinder_soil_163_0_6871.jpeg,cinder_soil_00587.jpg,cinder soil
cinder_soil_21_0_9468.jpeg,cinder_soil_00588.jpg,cinder soil
cinder_soil_23_0_8441.jpeg,cinder_soil_00589.jpg,cinder soil
cinder_soil_156_0_4546.jpeg,cinder_soil_00590.jpg,cinder soil
cinder_soil_129_0_6909.jpeg,cinder_soil_00591.jpg,cinder soil
cinder_soil_107_0_4222.jpeg,cinder_soil_00592.jpg,cinder soil
cinder_soil_96_0_2033.jpeg,cinder_soil_00593.jpg,cinder soil
cinder_soil_29_0_8293.jpeg,cinder_soil_00594.jpg,cinder soil
cinder_soil_79_0_5409.jpeg,cinder_soil_00595.jpg,cinder soil
cinder_soil_148_0_7110.jpeg,cinder_soil_00596.jpg,cinder soil
cinder_soil_64_0_9459.jpeg,cinder_soil_00597.jpg,cinder soil
cinder_soil_38_0_583.jpeg,cinder_soil_00598.jpg,cinder soil
cinder_soil_78_0_3022.jpeg,cinder_soil_00599.jpg,cinder soil
cinder_soil_109_0_5321.jpeg,cinder_soil_00600.jpg,cinder soil
cinder_soil_158_0_9416.jpeg,cinder_soil_00601.jpg,cinder soil
cinder_soil_57_0_1533.jpeg,cinder_soil_00602.jpg,cinder soil
cinder_soil_69_0_6824.jpeg,cinder_soil_00603.jpg,cinder soil
cinder_soil_24_0_7867.jpeg,cinder_soil_00604.jpg,cinder soil
cinder_soil_13_0_5485.jpeg,cinder_soil_00605.jpg,cinder soil
cinder_soil_154_0_3376.jpeg,cinder_soil_00606.jpg,cinder soil
cinder_soil_31_0_9187.jpeg,cinder_soil_00607.jpg,cinder soil
cinder_soil_80_0_5476.jpeg,cinder_soil_00608.jpg,cinder soil
cinder_soil_43_0_9703.jpeg,cinder_soil_00609.jpg,cinder soil
cinder_soil_134_0_1646.jpeg,cinder_soil_00610.jpg,cinder soil
cinder_soil_112_0_3933.jpeg,cinder_soil_00611.jpg,cinder soil
cinder_soil_29_0_6008.jpeg,cinder_soil_00612.jpg,cinder soil
cinder_soil_15_0_7077.jpeg,cinder_soil_00613.jpg,cinder soil
cinder_soil_128_0_1126.jpeg,cinder_soil_00614.jpg,cinder soil
cinder_soil_35_0_2389.jpeg,cinder_soil_00615.jpg,cinder soil
cinder_soil_116_0_8334.jpeg,cinder_soil_00616.jpg,cinder soil
cinder_soil_153_0_6762.jpeg,cinder_soil_00617.jpg,cinder soil
cinder_soil_42_0_6579.jpeg,cinder_soil_00618.jpg,cinder soil
cinder_soil_23_0_1494.jpeg,cinder_soil_00619.jpg,cinder soil
cinder_soil_140_0_6868.jpeg,cinder_soil_00620.jpg,cinder soil
cinder_soil_145_0_2887.jpeg,cinder_soil_00621.jpg,cinder soil
cinder_soil_60_0_6656.jpeg,cinder_soil_00622.jpg,cinder soil
cinder_soil_135_0_4265.jpeg,cinder_soil_00623.jpg,cinder soil
cinder_soil_73_0_5469.jpeg,cinder_soil_00624.jpg,cinder soil
cinder_soil_16_0_3766.jpeg,cinder_soil_00625.jpg,cinder soil
cinder_soil_9_0_2418.jpeg,cinder_soil_00626.jpg,cinder soil
cinder_soil_133_0_7429.jpeg,cinder_soil_00627.jpg,cinder soil
cinder_soil_77_0_4011.jpeg,cinder_soil_00628.jpg,cinder soil
cinder_soil_163_0_2691.jpeg,cinder_soil_00629.jpg,cinder soil
cinder_soil_118_0_1326.jpeg,cinder_soil_00630.jpg,cinder soil
cinder_soil_147_0_3025.jpeg,cinder_soil_00631.jpg,cinder soil
cinder_soil_21_0_4870.jpeg,cinder_soil_00632.jpg,cinder soil
cinder_soil_16_0_5024.jpeg,cinder_soil_00633.jpg,cinder soil
cinder_soil_149_0_6872.jpeg,cinder_soil_00634.jpg,cinder soil
cinder_soil_158_0_6860.jpeg,cinder_soil_00635.jpg,cinder soil
cinder_soil_67_0_4540.jpeg,cinder_soil_00636.jpg,cinder soil
cinder_soil_135_0_9890.jpeg,cinder_soil_00637.jpg,cinder soil
cinder_soil_27_0_3487.jpeg,cinder_soil_00638.jpg,cinder soil
cinder_soil_62_0_3344.jpeg,cinder_soil_00639.jpg,cinder soil
cinder_soil_132_0_1063.jpeg,cinder_soil_00640.jpg,cinder soil
cinder_soil_139_0_9018.jpeg,cinder_soil_00641.jpg,cinder soil
cinder_soil_155_0_5370.jpeg,cinder_soil_00642.jpg,cinder soil
cinder_soil_114_0_3952.jpeg,cinder_soil_00643.jpg,cinder soil
cinder_soil_141_0_7688.jpeg,cinder_soil_00644.jpg,cinder soil
cinder_soil_105_0_6670.jpeg,cinder_soil_00645.jpg,cinder soil
cinder_soil_44_0_1285.jpeg,cinder_soil_00646.jpg,cinder soil
cinder_soil_36_0_3844.jpeg,cinder_soil_00647.jpg,cinder soil
cinder_soil_115_0_5190.jpeg,cinder_soil_00648.jpg,cinder soil
cinder_soil_139_0_1679.jpeg,cinder_soil_00649.jpg,cinder soil
cinder_soil_126_0_5332.jpeg,cinder_soil_00650.jpg,cinder soil
cinder_soil_33_0_7909.jpeg,cinder_soil_00651.jpg,cinder soil
cinder_soil_46_0_6126.jpeg,cinder_soil_00652.jpg,cinder soil
cinder_soil_123_0_1952.jpeg,cinder_soil_00653.jpg,cinder soil
cinder_soil_137_0_4195.jpeg,cinder_soil_00654.jpg,cinder soil
cinder_soil_35_0_6307.jpeg,cinder_soil_00655.jpg,cinder soil
cinder_soil_151_0_1220.jpeg,cinder_soil_00656.jpg,cinder soil
cinder_soil_114_0_2640.jpeg,cinder_soil_00657.jpg,cinder soil
cinder_soil_162_0_1204.jpeg,cinder_soil_00658.jpg,cinder soil
cinder_soil_160_0_7321.jpeg,cinder_soil_00659.jpg,cinder soil
cinder_soil_141_0_2582.jpeg,cinder_soil_00660.jpg,cinder soil
cinder_soil_113_0_1263.jpeg,cinder_soil_00661.jpg,cinder soil
cinder_soil_163_0_9589.jpeg,cinder_soil_00662.jpg,cinder soil
cinder_soil_40_0_8317.jpeg,cinder_soil_00663.jpg,cinder soil
cinder_soil_10_0_2286.jpeg,cinder_soil_00664.jpg,cinder soil
cinder_soil_113_0_4553.jpeg,cinder_soil_00665.jpg,cinder soil
cinder_soil_124_0_5570.jpeg,cinder_soil_00666.jpg,cinder soil
cinder_soil_155_0_3105.jpeg,cinder_soil_00667.jpg,cinder soil
cinder_soil_85_0_838.jpeg,cinder_soil_00668.jpg,cinder soil
cinder_soil_148_0_4937.jpeg,cinder_soil_00669.jpg,cinder soil
cinder_soil_22_0_4869.jpeg,cinder_soil_00670.jpg,cinder soil
cinder_soil_104_0_9475.jpeg,cinder_soil_00671.jpg,cinder soil
cinder_soil_7_0_2181.jpeg,cinder_soil_00672.jpg,cinder soil
cinder_soil_49_0_9424.jpeg,cinder_soil_00673.jpg,cinder soil
cinder_soil_102_0_9237.jpeg,cinder_soil_00674.jpg,cinder soil
cinder_soil_18_0_3514.jpeg,cinder_soil_00675.jpg,cinder soil
cinder_soil_20_0_2410.jpeg,cinder_soil_00676.jpg,cinder soil
cinder_soil_162_0_8371.jpeg,cinder_soil_00677.jpg,cinder soil
cinder_soil_128_0_8150.jpeg,cinder_soil_00678.jpg,cinder soil
cinder_soil_140_0_2054.jpeg,cinder_soil_00679.jpg,cinder soil
cinder_soil_66_0_8039.jpeg,cinder_soil_00680.jpg,cinder soil
cinder_soil_156_0_3042.jpeg,cinder_soil_00681.jpg,cinder soil
cinder_soil_134_0_6355.jpeg,cinder_soil_00682.jpg,cinder soil
cinder_soil_143_0_7779.jpeg,cinder_soil_00683.jpg,cinder soil
cinder_soil_122_0_7976.jpeg,cinder_soil_00684.jpg,cinder soil
cinder_soil_137_0_187.jpeg,cinder_soil_00685.jpg,cinder soil
cinder_soil_21_0_7551.jpeg,cinder_soil_00686.jpg,cinder soil
cinder_soil_154_0_5768.jpeg,cinder_soil_00687.jpg,cinder soil
cinder_soil_131_0_7169.jpeg,cinder_soil_00688.jpg,cinder soil
cinder_soil_162_0_986.jpeg,cinder_soil_00689.jpg,cinder soil
cinder_soil_74_0_6722.jpeg,cinder_soil_00690.jpg,cinder soil
cinder_soil_130_0_8017.jpeg,cinder_soil_00691.jpg,cinder soil
cinder_soil_55_0_6994.jpeg,cinder_soil_00692.jpg,cinder soil
cinder_soil_45_0_3410.jpeg,cinder_soil_00693.jpg,cinder soil
cinder_soil_129_0_8159.jpeg,cinder_soil_00694.jpg,cinder soil
cinder_soil_129_0_1903.jpeg,cinder_soil_00695.jpg,cinder soil
cinder_soil_102_0_9388.jpeg,cinder_soil_00696.jpg,cinder soil
cinder_soil_150_0_6289.jpeg,cinder_soil_00697.jpg,cinder soil
cinder_soil_38_0_4585.jpeg,cinder_soil_00698.jpg,cinder soil
cinder_soil_66_0_5820.jpeg,cinder_soil_00699.jpg,cinder soil
cinder_soil_90_0_4584.jpeg,cinder_soil_00700.jpg,cinder soil
cinder_soil_72_0_8183.jpeg,cinder_soil_00701.jpg,cinder soil
cinder_soil_98_0_7270.jpeg,cinder_soil_00702.jpg,cinder soil
cinder_soil_125_0_6848.jpeg,cinder_soil_00703.jpg,cinder soil
cinder_soil_147_0_280.jpeg,cinder_soil_00704.jpg,cinder soil
cinder_soil_136_0_133.jpeg,cinder_soil_00705.jpg,cinder soil
cinder_soil_111_0_559.jpeg,cinder_soil_00706.jpg,cinder soil
cinder_soil_16_0_3090.jpeg,cinder_soil_00707.jpg,cinder soil
cinder_soil_24_0_3663.jpeg,cinder_soil_00708.jpg,cinder soil
cinder_soil_12_0_1293.jpeg,cinder_soil_00709.jpg,cinder soil
cinder_soil_148_0_5552.jpeg,cinder_soil_00710.jpg,cinder soil
cinder_soil_3_0_4234.jpeg,cinder_soil_00711.jpg,cinder soil
cinder_soil_109_0_1550.jpeg,cinder_soil_00712.jpg,cinder soil
cinder_soil_10_0_7095.jpeg,cinder_soil_00713.jpg,cinder soil
cinder_soil_3_0_9510.jpeg,cinder_soil_00714.jpg,cinder soil
cinder_soil_11_0_18.jpeg,cinder_soil_00715.jpg,cinder soil
cinder_soil_46_0_6093.jpeg,cinder_soil_00716.jpg,cinder soil
cinder_soil_95_0_4086.jpeg,cinder_soil_00717.jpg,cinder soil
cinder_soil_17_0_3452.jpeg,cinder_soil_00718.jpg,cinder soil
cinder_soil_109_0_2514.jpeg,cinder_soil_00719.jpg,cinder soil
cinder_soil_32_0_3474.jpeg,cinder_soil_00720.jpg,cinder soil
cinder_soil_34_0_5854.jpeg,cinder_soil_00721.jpg,cinder soil
cinder_soil_126_0_7089.jpeg,cinder_soil_00722.jpg,cinder soil
cinder_soil_157_0_4344.jpeg,cinder_soil_00723.jpg,cinder soil
cinder_soil_68_0_7993.jpeg,cinder_soil_00724.jpg,cinder soil
cinder_soil_126_0_1486.jpeg,cinder_soil_00725.jpg,cinder soil
cinder_soil_116_0_1423.jpeg,cinder_soil_00726.jpg,cinder soil
cinder_soil_119_0_1048.jpeg,cinder_soil_00727.jpg,cinder soil
cinder_soil_133_0_1833.jpeg,cinder_soil_00728.jpg,cinder soil
cinder_soil_164_0_2515.jpeg,cinder_soil_00729.jpg,cinder soil
cinder_soil_73_0_6021.jpeg,cinder_soil_00730.jpg,cinder soil
cinder_soil_124_0_3815.jpeg,cinder_soil_00731.jpg,cinder soil
cinder_soil_117_0_4941.jpeg,cinder_soil_00732.jpg,cinder soil
cinder_soil_20_0_3394.jpeg,cinder_soil_00733.jpg,cinder soil
cinder_soil_61_0_753.jpeg,cinder_soil_00734.jpg,cinder soil
cinder_soil_54_0_6088.jpeg,cinder_soil_00735.jpg,cinder soil
cinder_soil_28_0_440.jpeg,cinder_soil_00736.jpg,cinder soil
cinder_soil_26_0_4417.jpeg,cinder_soil_00737.jpg,cinder soil
cinder_soil_22_0_3789.jpeg,cinder_soil_00738.jpg,cinder soil
cinder_soil_28_0_880.jpeg,cinder_soil_00739.jpg,cinder soil
cinder_soil_33_0_9747.jpeg,cinder_soil_00740.jpg,cinder soil
cinder_soil_140_0_7248.jpeg,cinder_soil_00741.jpg,cinder soil
cinder_soil_159_0_1558.jpeg,cinder_soil_00742.jpg,cinder soil
cinder_soil_156_0_9609.jpeg,cinder_soil_00743.jpg,cinder soil
cinder_soil_42_0_6920.jpeg,cinder_soil_00744.jpg,cinder soil
cinder_soil_110_0_2185.jpeg,cinder_soil_00745.jpg,cinder soil
cinder_soil_78_0_7399.jpeg,cinder_soil_00746.jpg,cinder soil
cinder_soil_25_0_8155.jpeg,cinder_soil_00747.jpg,cinder soil
cinder_soil_164_0_8499.jpeg,cinder_soil_00748.jpg,cinder soil
cinder_soil_76_0_5078.jpeg,cinder_soil_00749.jpg,cinder soil
cinder_soil_94_0_2652.jpeg,cinder_soil_00750.jpg,cinder soil
cinder_soil_63_0_334.jpeg,cinder_soil_00751.jpg,cinder soil
cinder_soil_153_0_3646.jpeg,cinder_soil_00752.jpg,cinder soil
cinder_soil_161_0_1582.jpeg,cinder_soil_00753.jpg,cinder soil
cinder_soil_21_0_2616.jpeg,cinder_soil_00754.jpg,cinder soil
cinder_soil_139_0_2969.jpeg,cinder_soil_00755.jpg,cinder soil
cinder_soil_30_0_2453.jpeg,cinder_soil_00756.jpg,cinder soil
cinder_soil_13_0_9729.jpeg,cinder_soil_00757.jpg,cinder soil
cinder_soil_74_0_5121.jpeg,cinder_soil_00758.jpg,cinder soil
cinder_soil_142_0_1006.jpeg,cinder_soil_00759.jpg,cinder soil
cinder_soil_90_0_7792.jpeg,cinder_soil_00760.jpg,cinder soil
cinder_soil_91_0_441.jpeg,cinder_soil_00761.jpg,cinder soil
cinder_soil_28_0_4595.jpeg,cinder_soil_00762.jpg,cinder soil
cinder_soil_106_0_8052.jpeg,cinder_soil_00763.jpg,cinder soil
cinder_soil_48_0_6371.jpeg,cinder_soil_00764.jpg,cinder soil
cinder_soil_17_0_9574.jpeg,cinder_soil_00765.jpg,cinder soil
cinder_soil_40_0_304.jpeg,cinder_soil_00766.jpg,cinder soil
cinder_soil_101_0_4315.jpeg,cinder_soil_00767.jpg,cinder soil
cinder_soil_5_0_7512.jpeg,cinder_soil_00768.jpg,cinder soil
cinder_soil_31_0_5612.jpeg,cinder_soil_00769.jpg,cinder soil
cinder_soil_58_0_345.jpeg,cinder_soil_00770.jpg,cinder soil
cinder_soil_88_0_6120.jpeg,cinder_soil_00771.jpg,cinder soil
cinder_soil_117_0_1367.jpeg,cinder_soil_00772.jpg,cinder soil
cinder_soil_143_0_7021.jpeg,cinder_soil_00773.jpg,cinder soil
cinder_soil_144_0_6002.jpeg,cinder_soil_00774.jpg,cinder soil
cinder_soil_130_0_1816.jpeg,cinder_soil_00775.jpg,cinder soil
cinder_soil_24_0_4051.jpeg,cinder_soil_00776.jpg,cinder soil
cinder_soil_116_0_1741.jpeg,cinder_soil_00777.jpg,cinder soil
cinder_soil_127_0_5133.jpeg,cinder_soil_00778.jpg,cinder soil
cinder_soil_133_0_7839.jpeg,cinder_soil_00779.jpg,cinder soil
cinder_soil_34_0_4128.jpeg,cinder_soil_00780.jpg,cinder soil
cinder_soil_111_0_9873.jpeg,cinder_soil_00781.jpg,cinder soil
cinder_soil_162_0_6199.jpeg,cinder_soil_00782.jpg,cinder soil
cinder_soil_14_0_1517.jpeg,cinder_soil_00783.jpg,cinder soil
cinder_soil_27_0_898.jpeg,cinder_soil_00784.jpg,cinder soil
cinder_soil_121_0_1589.jpeg,cinder_soil_00785.jpg,cinder soil
cinder_soil_164_0_7212.jpeg,cinder_soil_00786.jpg,cinder soil
cinder_soil_15_0_2653.jpeg,cinder_soil_00787.jpg,cinder soil
cinder_soil_161_0_3010.jpeg,cinder_soil_00788.jpg,cinder soil
cinder_soil_147_0_4150.jpeg,cinder_soil_00789.jpg,cinder soil
cinder_soil_151_0_6977.jpeg,cinder_soil_00790.jpg,cinder soil
cinder_soil_32_0_3315.jpeg,cinder_soil_00791.jpg,cinder soil
cinder_soil_53_0_730.jpeg,cinder_soil_00792.jpg,cinder soil
cinder_soil_54_0_8262.jpeg,cinder_soil_00793.jpg,cinder soil
cinder_soil_103_0_7490.jpeg,cinder_soil_00794.jpg,cinder soil
cinder_soil_112_0_1732.jpeg,cinder_soil_00795.jpg,cinder soil
cinder_soil_86_0_813.jpeg,cinder_soil_00796.jpg,cinder soil
cinder_soil_133_0_371.jpeg,cinder_soil_00797.jpg,cinder soil
cinder_soil_13_0_3871.jpeg,cinder_soil_00798.jpg,cinder soil
cinder_soil_37_0_4861.jpeg,cinder_soil_00799.jpg,cinder soil
cinder_soil_108_0_4507.jpeg,cinder_soil_00800.jpg,cinder soil
cinder_soil_7_0_6122.jpeg,cinder_soil_00801.jpg,cinder soil
cinder_soil_95_0_5728.jpeg,cinder_soil_00802.jpg,cinder soil
cinder_soil_120_0_6614.jpeg,cinder_soil_00803.jpg,cinder soil
cinder_soil_88_0_5122.jpeg,cinder_soil_00804.jpg,cinder soil
cinder_soil_4_0_2796.jpeg,cinder_soil_00805.jpg,cinder soil
clay_soil_160_0_5554.jpeg,clay_soil_00806.jpg,clay soil
clay_soil_119_0_4973.jpeg,clay_soil_00807.jpg,clay soil
clay_soil_82_0_2564.jpeg,clay_soil_00808.jpg,clay soil
clay_soil_99_0_3450.jpeg,clay_soil_00809.jpg,clay soil
clay_soil_123_0_3252.jpeg,clay_soil_00810.jpg,clay soil
clay_soil_93_0_445.jpeg,clay_soil_00811.jpg,clay soil
clay_soil_97_0_2427.jpeg,clay_soil_00812.jpg,clay soil
clay_soil_55_0_2703.jpeg,clay_soil_00813.jpg,clay soil
clay_soil_131_0_2969.jpeg,clay_soil_00814.jpg,clay soil
clay_soil_31_0_6140.jpeg,clay_soil_00815.jpg,clay soil
clay_soil_94_0_4975.jpeg,clay_soil_00816.jpg,clay soil
clay_soil_122_0_6900.jpeg,clay_soil_00817.jpg,clay soil
clay_soil_30_0_1060.jpeg,clay_soil_00818.jpg,clay soil
clay_soil_128_0_9231.jpeg,clay_soil_00819.jpg,clay soil
clay_soil_105_0_5912.jpeg,clay_soil_00820.jpg,clay soil
clay_soil_29_0_2458.jpeg,clay_soil_00821.jpg,clay soil
clay_soil_13_0_1483.jpeg,clay_soil_00822.jpg,clay soil
clay_soil_115_0_7079.jpeg,clay_soil_00823.jpg,clay soil
clay_soil_87_0_857.jpeg,clay_soil_00824.jpg,clay soil
clay_soil_141_0_2956.jpeg,clay_soil_00825.jpg,clay soil
clay_soil_99_0_1831.jpeg,clay_soil_00826.jpg,clay soil
clay_soil_142_0_7269.jpeg,clay_soil_00827.jpg,clay soil
clay_soil_69_0_5229.jpeg,clay_soil_00828.jpg,clay soil
clay_soil_14_0_7678.jpeg,clay_soil_00829.jpg,clay soil
clay_soil_135_0_3867.jpeg,clay_soil_00830.jpg,clay soil
clay_soil_112_0_1373.jpeg,clay_soil_00831.jpg,clay soil
clay_soil_156_0_5249.jpeg,clay_soil_00832.jpg,clay soil
clay_soil_92_0_9073.jpeg,clay_soil_00833.jpg,clay soil
clay_soil_107_0_6096.jpeg,clay_soil_00834.jpg,clay soil
clay_soil_121_0_7729.jpeg,clay_soil_00835.jpg,clay soil
clay_soil_140_0_3149.jpeg,clay_soil_00836.jpg,clay soil
clay_soil_158_0_5058.jpeg,clay_soil_00837.jpg,clay soil
clay_soil_105_0_3418.jpeg,clay_soil_00838.jpg,clay soil
clay_soil_110_0_8942.jpeg,clay_soil_00839.jpg,clay soil
clay_soil_46_0_2698.jpeg,clay_soil_00840.jpg,clay soil
clay_soil_129_0_7425.jpeg,clay_soil_00841.jpg,clay soil
clay_soil_89_0_9116.jpeg,clay_soil_00842.jpg,clay soil
clay_soil_92_0_2332.jpeg,clay_soil_00843.jpg,clay soil
clay_soil_8_0_844.jpeg,clay_soil_00844.jpg,clay soil
clay_soil_124_0_4280.jpeg,clay_soil_00845.jpg,clay soil
clay_soil_134_0_3539.jpeg,clay_soil_00846.jpg,clay soil
clay_soil_125_0_4281.jpeg,clay_soil_00847.jpg,clay soil
clay_soil_160_0_3980.jpeg,clay_soil_00848.jpg,clay soil
clay_soil_98_0_7044.jpeg,clay_soil_00849.jpg,clay soil
clay_soil_107_0_3610.jpeg,clay_soil_00850.jpg,clay soil
clay_soil_111_0_2914.jpeg,clay_soil_00851.jpg,clay soil
clay_soil_144_0_158.jpeg,clay_soil_00852.jpg,clay soil
clay_soil_127_0_8382.jpeg,clay_soil_00853.jpg,clay soil
clay_soil_111_0_2910.jpeg,clay_soil_00854.jpg,clay soil
clay_soil_2_0_9160.jpeg,clay_soil_00855.jpg,clay soil
clay_soil_34_0_1301.jpeg,clay_soil_00856.jpg,clay soil
clay_soil_78_0_8001.jpeg,clay_soil_00857.jpg,clay soil
clay_soil_83_0_9679.jpeg,clay_soil_00858.jpg,clay soil
clay_soil_54_0_5200.jpeg,clay_soil_00859.jpg,clay soil
clay_soil_25_0_1305.jpeg,clay_soil_00860.jpg,clay soil
clay_soil_61_0_5024.jpeg,clay_soil_00861.jpg,clay soil
clay_soil_155_0_8854.jpeg,clay_soil_00862.jpg,clay soil
clay_soil_109_0_3278.jpeg,clay_soil_00863.jpg,clay soil
clay_soil_9_0_5063.jpeg,clay_soil_00864.jpg,clay soil
clay_soil_143_0_5689.jpeg,clay_soil_00865.jpg,clay soil
clay_soil_57_0_5417.jpeg,clay_soil_00866.jpg,clay soil
clay_soil_120_0_823.jpeg,clay_soil_00867.jpg,clay soil
clay_soil_104_0_9342.jpeg,clay_soil_00868.jpg,clay soil
clay_soil_10_0_2764.jpeg,clay_soil_00869.jpg,clay soil
clay_soil_60_0_1065.jpeg,clay_soil_00870.jpg,clay soil
clay_soil_16_0_8044.jpeg,clay_soil_00871.jpg,clay soil
clay_soil_87_0_2329.jpeg,clay_soil_00872.jpg,clay soil
clay_soil_86_0_7990.jpeg,clay_soil_00873.jpg,clay soil
clay_soil_88_0_813.jpeg,clay_soil_00874.jpg,clay soil
clay_soil_98_0_1769.jpeg,clay_soil_00875.jpg,clay soil
clay_soil_123_0_7861.jpeg,clay_soil_00876.jpg,clay soil
clay_soil_133_0_2628.jpeg,clay_soil_00877.jpg,clay soil
clay_soil_125_0_1177.jpeg,clay_soil_00878.jpg,clay soil
clay_soil_0_0_1463.jpeg,clay_soil_00879.jpg,clay soil
clay_soil_77_0_4147.jpeg,clay_soil_00880.jpg,clay soil
clay_soil_149_0_4650.jpeg,clay_soil_00881.jpg,clay soil
clay_soil_124_0_5065.jpeg,clay_soil_00882.jpg,clay soil
clay_soil_80_0_2918.jpeg,clay_soil_00883.jpg,clay soil
clay_soil_153_0_103.jpeg,clay_soil_00884.jpg,clay soil
clay_soil_1_0_4471.jpeg,clay_soil_00885.jpg,clay soil
clay_soil_127_0_1161.jpeg,clay_soil_00886.jpg,clay soil
clay_soil_156_0_9886.jpeg,clay_soil_00887.jpg,clay soil
clay_soil_32_0_9323.jpeg,clay_soil_00888.jpg,clay soil
clay_soil_110_0_5802.jpeg,clay_soil_00889.jpg,clay soil
clay_soil_151_0_6051.jpeg,clay_soil_00890.jpg,clay soil
clay_soil_41_0_8339.jpeg,clay_soil_00891.jpg,clay soil
clay_soil_45_0_8841.jpeg,clay_soil_00892.jpg,clay soil
clay_soil_4_0_9664.jpeg,clay_soil_00893.jpg,clay soil
clay_soil_91_0_3711.jpeg,clay_soil_00894.jpg,clay soil
clay_soil_97_0_3163.jpeg,clay_soil_00895.jpg,clay soil
clay_soil_48_0_7577.jpeg,clay_soil_00896.jpg,clay soil
clay_soil_130_0_2071.jpeg,clay_soil_00897.jpg,clay soil
clay_soil_85_0_3795.jpeg,clay_soil_00898.jpg,clay soil
clay_soil_58_0_4207.jpeg,clay_soil_00899.jpg,clay soil
clay_soil_65_0_9157.jpeg,clay_soil_00900.jpg,clay soil
clay_soil_76_0_7593.jpeg,clay_soil_00901.jpg,clay soil
clay_soil_102_0_4089.jpeg,clay_soil_00902.jpg,clay soil
clay_soil_71_0_566.jpeg,clay_soil_00903.jpg,clay soil
clay_soil_116_0_9189.jpeg,clay_soil_00904.jpg,clay soil
clay_soil_76_0_3327.jpeg,clay_soil_00905.jpg,clay soil
clay_soil_0_0_9361.jpeg,clay_soil_00906.jpg,clay soil
clay_soil_110_0_2994.jpeg,clay_soil_00907.jpg,clay soil
clay_soil_96_0_9402.jpeg,clay_soil_00908.jpg,clay soil
clay_soil_136_0_2662.jpeg,clay_soil_00909.jpg,clay soil
clay_soil_122_0_1787.jpeg,clay_soil_00910.jpg,clay soil
clay_soil_105_0_5935.jpeg,clay_soil_00911.jpg,clay soil
clay_soil_66_0_2862.jpeg,clay_soil_00912.jpg,clay soil
clay_soil_78_0_7081.jpeg,clay_soil_00913.jpg,clay soil
clay_soil_50_0_5317.jpeg,clay_soil_00914.jpg,clay soil
clay_soil_68_0_8775.jpeg,clay_soil_00915.jpg,clay soil
clay_soil_161_0_8037.jpeg,clay_soil_00916.jpg,clay soil
clay_soil_91_0_6724.jpeg,clay_soil_00917.jpg,clay soil
clay_soil_69_0_5158.jpeg,clay_soil_00918.jpg,clay soil
clay_soil_20_0_1389.jpeg,clay_soil_00919.jpg,clay soil
clay_soil_81_0_7547.jpeg,clay_soil_00920.jpg,clay soil
clay_soil_128_0_3195.jpeg,clay_soil_00921.jpg,clay soil
clay_soil_44_0_978.jpeg,clay_soil_00922.jpg,clay soil
clay_soil_54_0_5209.jpeg,clay_soil_00923.jpg,clay soil
clay_soil_136_0_5810.jpeg,clay_soil_00924.jpg,clay soil
clay_soil_108_0_5501.jpeg,clay_soil_00925.jpg,clay soil
clay_soil_42_0_7245.jpeg,clay_soil_00926.jpg,clay soil
clay_soil_43_0_7488.jpeg,clay_soil_00927.jpg,clay soil
clay_soil_87_0_2956.jpeg,clay_soil_00928.jpg,clay soil
clay_soil_81_0_3792.jpeg,clay_soil_00929.jpg,clay soil
clay_soil_46_0_1363.jpeg,clay_soil_00930.jpg,clay soil
clay_soil_79_0_65.jpeg,clay_soil_00931.jpg,clay soil
clay_soil_13_0_6823.jpeg,clay_soil_00932.jpg,clay soil
clay_soil_159_0_820.jpeg,clay_soil_00933.jpg,clay soil
clay_soil_53_0_2220.jpeg,clay_soil_00934.jpg,clay soil
clay_soil_157_0_3672.jpeg,clay_soil_00935.jpg,clay soil
clay_soil_114_0_8402.jpeg,clay_soil_00936.jpg,clay soil
clay_soil_146_0_4230.jpeg,clay_soil_00937.jpg,clay soil
clay_soil_23_0_6427.jpeg,clay_soil_00938.jpg,clay soil
clay_soil_126_0_6198.jpeg,clay_soil_00939.jpg,clay soil
clay_soil_124_0_1077.jpeg,clay_soil_00940.jpg,clay soil
clay_soil_64_0_6114.jpeg,clay_soil_00941.jpg,clay soil
clay_soil_95_0_3978.jpeg,clay_soil_00942.jpg,clay soil
clay_soil_138_0_7009.jpeg,clay_soil_00943.jpg,clay soil
clay_soil_84_0_6924.jpeg,clay_soil_00944.jpg,clay soil
clay_soil_101_0_1728.jpeg,clay_soil_00945.jpg,clay soil
clay_soil_146_0_614.jpeg,clay_soil_00946.jpg,clay soil
clay_soil_138_0_3411.jpeg,clay_soil_00947.jpg,clay soil
clay_soil_159_0_2282.jpeg,clay_soil_00948.jpg,clay soil
clay_soil_139_0_7288.jpeg,clay_soil_00949.jpg,clay soil
clay_soil_146_0_218.jpeg,clay_soil_00950.jpg,clay soil
clay_soil_145_0_9018.jpeg,clay_soil_00951.jpg,clay soil
clay_soil_15_0_8238.jpeg,clay_soil_00952.jpg,clay soil
clay_soil_32_0_30.jpeg,clay_soil_00953.jpg,clay soil
clay_soil_145_0_7944.jpeg,clay_soil_00954.jpg,clay soil
clay_soil_137_0_1837.jpeg,clay_soil_00955.jpg,clay soil
clay_soil_93_0_2832.jpeg,clay_soil_00956.jpg,clay soil
clay_soil_75_0_2307.jpeg,clay_soil_00957.jpg,clay soil
clay_soil_121_0_2283.jpeg,clay_soil_00958.jpg,clay soil
clay_soil_38_0_8225.jpeg,clay_soil_00959.jpg,clay soil
clay_soil_58_0_8456.jpeg,clay_soil_00960.jpg,clay soil
clay_soil_68_0_9149.jpeg,clay_soil_00961.jpg,clay soil
clay_soil_141_0_6123.jpeg,clay_soil_00962.jpg,clay soil
clay_soil_65_0_8118.jpeg,clay_soil_00963.jpg,clay soil
clay_soil_121_0_142.jpeg,clay_soil_00964.jpg,clay soil
clay_soil_133_0_1379.jpeg,clay_soil_00965.jpg,clay soil
clay_soil_104_0_2206.jpeg,clay_soil_00966.jpg,clay soil
clay_soil_109_0_6587.jpeg,clay_soil_00967.jpg,clay soil
clay_soil_83_0_4093.jpeg,clay_soil_00968.jpg,clay soil
clay_soil_25_0_9348.jpeg,clay_soil_00969.jpg,clay soil
clay_soil_49_0_4637.jpeg,clay_soil_00970.jpg,clay soil
clay_soil_112_0_2042.jpeg,clay_soil_00971.jpg,clay soil
clay_soil_159_0_2438.jpeg,clay_soil_00972.jpg,clay soil
clay_soil_117_0_2563.jpeg,clay_soil_00973.jpg,clay soil
clay_soil_86_0_8161.jpeg,clay_soil_00974.jpg,clay soil
clay_soil_106_0_2881.jpeg,clay_soil_00975.jpg,clay soil
clay_soil_149_0_3710.jpeg,clay_soil_00976.jpg,clay soil
clay_soil_67_0_9469.jpeg,clay_soil_00977.jpg,clay soil
clay_soil_84_0_2201.jpeg,clay_soil_00978.jpg,clay soil
clay_soil_132_0_1176.jpeg,clay_soil_00979.jpg,clay soil
clay_soil_28_0_715.jpeg,clay_soil_00980.jpg,clay soil
clay_soil_147_0_3152.jpeg,clay_soil_00981.jpg,clay soil
clay_soil_126_0_6849.jpeg,clay_soil_00982.jpg,clay soil
clay_soil_153_0_9339.jpeg,clay_soil_00983.jpg,clay soil
clay_soil_55_0_6399.jpeg,clay_soil_00984.jpg,clay soil
clay_soil_36_0_6423.jpeg,clay_soil_00985.jpg,clay soil
clay_soil_94_0_7916.jpeg,clay_soil_00986.jpg,clay soil
clay_soil_115_0_1756.jpeg,clay_soil_00987.jpg,clay soil
clay_soil_3_0_3050.jpeg,clay_soil_00988.jpg,clay soil
clay_soil_48_0_8314.jpeg,clay_soil_00989.jpg,clay soil
clay_soil_97_0_5260.jpeg,clay_soil_00990.jpg,clay soil
clay_soil_154_0_4461.jpeg,clay_soil_00991.jpg,clay soil
clay_soil_38_0_7227.jpeg,clay_soil_00992.jpg,clay soil
clay_soil_34_0_3926.jpeg,clay_soil_00993.jpg,clay soil
clay_soil_16_0_7575.jpeg,clay_soil_00994.jpg,clay soil
clay_soil_102_0_68.jpeg,clay_soil_00995.jpg,clay soil
clay_soil_104_0_3801.jpeg,clay_soil_00996.jpg,clay soil
clay_soil_127_0_3118.jpeg,clay_soil_00997.jpg,clay soil
clay_soil_79_0_2277.jpeg,clay_soil_00998.jpg,clay soil
clay_soil_96_0_7173.jpeg,clay_soil_00999.jpg,clay soil
clay_soil_147_0_5563.jpeg,clay_soil_01000.jpg,clay soil
clay_soil_140_0_8464.jpeg,clay_soil_01001.jpg,clay soil
clay_soil_90_0_7693.jpeg,clay_soil_01002.jpg,clay soil
clay_soil_62_0_3555.jpeg,clay_soil_01003.jpg,clay soil
clay_soil_41_0_4178.jpeg,clay_soil_01004.jpg,clay soil
clay_soil_79_0_9920.jpeg,clay_soil_01005.jpg,clay soil
clay_soil_45_0_8714.jpeg,clay_soil_01006.jpg,clay soil
clay_soil_76_0_9159.jpeg,clay_soil_01007.jpg,clay soil
clay_soil_116_0_2340.jpeg,clay_soil_01008.jpg,clay soil
clay_soil_157_0_7562.jpeg,clay_soil_01009.jpg,clay soil
clay_soil_151_0_8641.jpeg,clay_soil_01010.jpg,clay soil
clay_soil_151_0_4298.jpeg,clay_soil_01011.jpg,clay soil
clay_soil_90_0_7841.jpeg,clay_soil_01012.jpg,clay soil
clay_soil_45_0_2546.jpeg,clay_soil_01013.jpg,clay soil
clay_soil_47_0_8648.jpeg,clay_soil_01014.jpg,clay soil
clay_soil_108_0_1811.jpeg,clay_soil_01015.jpg,clay soil
clay_soil_103_0_6931.jpeg,clay_soil_01016.jpg,clay soil
clay_soil_132_0_9555.jpeg,clay_soil_01017.jpg,clay soil
clay_soil_101_0_3897.jpeg,clay_soil_01018.jpg,clay soil
clay_soil_95_0_9141.jpeg,clay_soil_01019.jpg,clay soil
clay_soil_100_0_9723.jpeg,clay_soil_01020.jpg,clay soil
clay_soil_92_0_8011.jpeg,clay_soil_01021.jpg,clay soil
clay_soil_118_0_855.jpeg,clay_soil_01022.jpg,clay soil
clay_soil_74_0_8753.jpeg,clay_soil_01023.jpg,clay soil
clay_soil_40_0_5959.jpeg,clay_soil_01024.jpg,clay soil
clay_soil_97_0_674.jpeg,clay_soil_01025.jpg,clay soil
clay_soil_9_0_8185.jpeg,clay_soil_01026.jpg,clay soil
clay_soil_82_0_4725.jpeg,clay_soil_01027.jpg,clay soil
clay_soil_44_0_8048.jpeg,clay_soil_01028.jpg,clay soil
clay_soil_103_0_879.jpeg,clay_soil_01029.jpg,clay soil
clay_soil_47_0_4051.jpeg,clay_soil_01030.jpg,clay soil
clay_soil_153_0_7692.jpeg,clay_soil_01031.jpg,clay soil
clay_soil_143_0_5053.jpeg,clay_soil_01032.jpg,clay soil
clay_soil_142_0_4987.jpeg,clay_soil_01033.jpg,clay soil
clay_soil_89_0_1630.jpeg,clay_soil_01034.jpg,clay soil
clay_soil_147_0_1162.jpeg,clay_soil_01035.jpg,clay soil
clay_soil_102_0_9140.jpeg,clay_soil_01036.jpg,clay soil
clay_soil_158_0_9218.jpeg,clay_soil_01037.jpg,clay soil
clay_soil_94_0_4432.jpeg,clay_soil_01038.jpg,clay soil
clay_soil_134_0_1981.jpeg,clay_soil_01039.jpg,clay soil
clay_soil_139_0_8885.jpeg,clay_soil_01040.jpg,clay soil
clay_soil_126_0_814.jpeg,clay_soil_01041.jpg,clay soil
clay_soil_91_0_1112.jpeg,clay_soil_01042.jpg,clay soil
clay_soil_64_0_5351.jpeg,clay_soil_01043.jpg,clay soil
clay_soil_134_0_919.jpeg,clay_soil_01044.jpg,clay soil
clay_soil_93_0_1203.jpeg,clay_soil_01045.jpg,clay soil
clay_soil_139_0_5013.jpeg,clay_soil_01046.jpg,clay soil
clay_soil_33_0_8961.jpeg,clay_soil_01047.jpg,clay soil
clay_soil_106_0_1216.jpeg,clay_soil_01048.jpg,clay soil
clay_soil_6_0_1599.jpeg,clay_soil_01049.jpg,clay soil
clay_soil_92_0_202.jpeg,clay_soil_01050.jpg,clay soil
clay_soil_1_0_7258.jpeg,clay_soil_01051.jpg,clay soil
clay_soil_124_0_7636.jpeg,clay_soil_01052.jpg,clay soil
clay_soil_152_0_5969.jpeg,clay_soil_01053.jpg,clay soil
clay_soil_123_0_6116.jpeg,clay_soil_01054.jpg,clay soil
clay_soil_60_0_3035.jpeg,clay_soil_01055.jpg,clay soil
clay_soil_146_0_2035.jpeg,clay_soil_01056.jpg,clay soil
clay_soil_78_0_332.jpeg,clay_soil_01057.jpg,clay soil
clay_soil_40_0_622.jpeg,clay_soil_01058.jpg,clay soil
clay_soil_47_0_8912.jpeg,clay_soil_01059.jpg,clay soil
clay_soil_121_0_8777.jpeg,clay_soil_01060.jpg,clay soil
clay_soil_66_0_2947.jpeg,clay_soil_01061.jpg,clay soil
clay_soil_79_0_171.jpeg,clay_soil_01062.jpg,clay soil
clay_soil_42_0_7792.jpeg,clay_soil_01063.jpg,clay soil
clay_soil_70_0_834.jpeg,clay_soil_01064.jpg,clay soil
clay_soil_47_0_8363.jpeg,clay_soil_01065.jpg,clay soil
clay_soil_101_0_5913.jpeg,clay_soil_01066.jpg,clay soil
clay_soil_27_0_588.jpeg,clay_soil_01067.jpg,clay soil
clay_soil_123_0_876.jpeg,clay_soil_01068.jpg,clay soil
clay_soil_75_0_3060.jpeg,clay_soil_01069.jpg,clay soil
clay_soil_17_0_1924.jpeg,clay_soil_01070.jpg,clay soil
clay_soil_4_0_3513.jpeg,clay_soil_01071.jpg,clay soil
clay_soil_39_0_4504.jpeg,clay_soil_01072.jpg,clay soil
clay_soil_150_0_6877.jpeg,clay_soil_01073.jpg,clay soil
clay_soil_130_0_2129.jpeg,clay_soil_01074.jpg,clay soil
clay_soil_149_0_7570.jpeg,clay_soil_01075.jpg,clay soil
clay_soil_56_0_4688.jpeg,clay_soil_01076.jpg,clay soil
clay_soil_135_0_2338.jpeg,clay_soil_01077.jpg,clay soil
clay_soil_131_0_1495.jpeg,clay_soil_01078.jpg,clay soil
clay_soil_75_0_6039.jpeg,clay_soil_01079.jpg,clay soil
clay_soil_154_0_5242.jpeg,clay_soil_01080.jpg,clay soil
clay_soil_31_0_5590.jpeg,clay_soil_01081.jpg,clay soil
clay_soil_89_0_3118.jpeg,clay_soil_01082.jpg,clay soil
clay_soil_13_0_889.jpeg,clay_soil_01083.jpg,clay soil
clay_soil_21_0_3673.jpeg,clay_soil_01084.jpg,clay soil
clay_soil_90_0_2628.jpeg,clay_soil_01085.jpg,clay soil
clay_soil_49_0_7607.jpeg,clay_soil_01086.jpg,clay soil
clay_soil_106_0_7202.jpeg,clay_soil_01087.jpg,clay soil
clay_soil_117_0_3177.jpeg,clay_soil_01088.jpg,clay soil
clay_soil_108_0_6608.jpeg,clay_soil_01089.jpg,clay soil
clay_soil_73_0_1542.jpeg,clay_soil_01090.jpg,clay soil
clay_soil_134_0_947.jpeg,clay_soil_01091.jpg,clay soil
clay_soil_14_0_4865.jpeg,clay_soil_01092.jpg,clay soil
clay_soil_72_0_1884.jpeg,clay_soil_01093.jpg,clay soil
clay_soil_150_0_6025.jpeg,clay_soil_01094.jpg,clay soil
clay_soil_138_0_3665.jpeg,clay_soil_01095.jpg,clay soil
clay_soil_26_0_2068.jpeg,clay_soil_01096.jpg,clay soil
clay_soil_18_0_7421.jpeg,clay_soil_01097.jpg,clay soil
clay_soil_100_0_9184.jpeg,clay_soil_01098.jpg,clay soil
clay_soil_21_0_2649.jpeg,clay_soil_01099.jpg,clay soil
clay_soil_144_0_5663.jpeg,clay_soil_01100.jpg,clay soil
clay_soil_62_0_179.jpeg,clay_soil_01101.jpg,clay soil
clay_soil_150_0_583.jpeg,clay_soil_01102.jpg,clay soil
clay_soil_95_0_9539.jpeg,clay_soil_01103.jpg,clay soil
clay_soil_3_0_9388.jpeg,clay_soil_01104.jpg,clay soil
clay_soil_30_0_7949.jpeg,clay_soil_01105.jpg,clay soil
clay_soil_26_0_3923.jpeg,clay_soil_01106.jpg,clay soil
clay_soil_111_0_3597.jpeg,clay_soil_01107.jpg,clay soil
clay_soil_33_0_8138.jpeg,clay_soil_01108.jpg,clay soil
clay_soil_46_0_5982.jpeg,clay_soil_01109.jpg,clay soil
clay_soil_73_0_3721.jpeg,clay_soil_01110.jpg,clay soil
clay_soil_67_0_3309.jpeg,clay_soil_01111.jpg,clay soil
clay_soil_77_0_2719.jpeg,clay_soil_01112.jpg,clay soil
clay_soil_59_0_8656.jpeg,clay_soil_01113.jpg,clay soil
clay_soil_63_0_7098.jpeg,clay_soil_01114.jpg,clay soil
clay_soil_104_0_1444.jpeg,clay_soil_01115.jpg,clay soil
clay_soil_2_0_5832.jpeg,clay_soil_01116.jpg,clay soil
clay_soil_57_0_2983.jpeg,clay_soil_01117.jpg,clay soil
clay_soil_114_0_2094.jpeg,clay_soil_01118.jpg,clay soil
clay_soil_98_0_6797.jpeg,clay_soil_01119.jpg,clay soil
clay_soil_51_0_9472.jpeg,clay_soil_01120.jpg,clay soil
clay_soil_43_0_506.jpeg,clay_soil_01121.jpg,clay soil
clay_soil_132_0_7522.jpeg,clay_soil_01122.jpg,clay soil
clay_soil_88_0_1196.jpeg,clay_soil_01123.jpg,clay soil
clay_soil_137_0_4492.jpeg,clay_soil_01124.jpg,clay soil
clay_soil_45_0_8085.jpeg,clay_soil_01125.jpg,clay soil
clay_soil_76_0_7284.jpeg,clay_soil_01126.jpg,clay soil
clay_soil_141_0_6256.jpeg,clay_soil_01127.jpg,clay soil
clay_soil_74_0_4531.jpeg,clay_soil_01128.jpg,clay soil
clay_soil_147_0_6840.jpeg,clay_soil_01129.jpg,clay soil
clay_soil_12_0_3006.jpeg,clay_soil_01130.jpg,clay soil
clay_soil_100_0_8663.jpeg,clay_soil_01131.jpg,clay soil
clay_soil_148_0_6357.jpeg,clay_soil_01132.jpg,clay soil
clay_soil_86_0_6602.jpeg,clay_soil_01133.jpg,clay soil
clay_soil_116_0_3915.jpeg,clay_soil_01134.jpg,clay soil
clay_soil_113_0_8758.jpeg,clay_soil_01135.jpg,clay soil
clay_soil_43_0_48.jpeg,clay_soil_01136.jpg,clay soil
clay_soil_152_0_6694.jpeg,clay_soil_01137.jpg,clay soil
clay_soil_108_0_4397.jpeg,clay_soil_01138.jpg,clay soil
clay_soil_29_0_7221.jpeg,clay_soil_01139.jpg,clay soil
clay_soil_139_0_9630.jpeg,clay_soil_01140.jpg,clay soil
clay_soil_155_0_1822.jpeg,clay_soil_01141.jpg,clay soil
clay_soil_46_0_6233.jpeg,clay_soil_01142.jpg,clay soil
clay_soil_120_0_5277.jpeg,clay_soil_01143.jpg,clay soil
clay_soil_137_0_5161.jpeg,clay_soil_01144.jpg,clay soil
clay_soil_44_0_4282.jpeg,clay_soil_01145.jpg,clay soil
clay_soil_133_0_806.jpeg,clay_soil_01146.jpg,clay soil
clay_soil_112_0_1545.jpeg,clay_soil_01147.jpg,clay soil
clay_soil_136_0_5418.jpeg,clay_soil_01148.jpg,clay soil
clay_soil_157_0_8610.jpeg,clay_soil_01149.jpg,clay soil
clay_soil_88_0_5184.jpeg,clay_soil_01150.jpg,clay soil
clay_soil_145_0_9077.jpeg,clay_soil_01151.jpg,clay soil
clay_soil_141_0_6560.jpeg,clay_soil_01152.jpg,clay soil
clay_soil_160_0_1683.jpeg,clay_soil_01153.jpg,clay soil
clay_soil_78_0_4178.jpeg,clay_soil_01154.jpg,clay soil
clay_soil_142_0_7112.jpeg,clay_soil_01155.jpg,clay soil
clay_soil_8_0_6853.jpeg,clay_soil_01156.jpg,clay soil
clay_soil_131_0_4618.jpeg,clay_soil_01157.jpg,clay soil
clay_soil_86_0_4728.jpeg,clay_soil_01158.jpg,clay soil
clay_soil_43_0_9690.jpeg,clay_soil_01159.jpg,clay soil
clay_soil_137_0_9229.jpeg,clay_soil_01160.jpg,clay soil
clay_soil_127_0_632.jpeg,clay_soil_01161.jpg,clay soil
clay_soil_144_0_2930.jpeg,clay_soil_01162.jpg,clay soil
clay_soil_22_0_8478.jpeg,clay_soil_01163.jpg,clay soil
clay_soil_140_0_5157.jpeg,clay_soil_01164.jpg,clay soil
clay_soil_19_0_4865.jpeg,clay_soil_01165.jpg,clay soil
clay_soil_116_0_2848.jpeg,clay_soil_01166.jpg,clay soil
clay_soil_59_0_8182.jpeg,clay_soil_01167.jpg,clay soil
clay_soil_115_0_427.jpeg,clay_soil_01168.jpg,clay soil
clay_soil_129_0_3867.jpeg,clay_soil_01169.jpg,clay soil
clay_soil_160_0_1626.jpeg,clay_soil_01170.jpg,clay soil
clay_soil_50_0_7013.jpeg,clay_soil_01171.jpg,clay soil
clay_soil_96_0_9511.jpeg,clay_soil_01172.jpg,clay soil
clay_soil_105_0_5236.jpeg,clay_soil_01173.jpg,clay soil
clay_soil_117_0_7302.jpeg,clay_soil_01174.jpg,clay soil
clay_soil_113_0_1191.jpeg,clay_soil_01175.jpg,clay soil
clay_soil_103_0_9524.jpeg,clay_soil_01176.jpg,clay soil
clay_soil_10_0_6332.jpeg,clay_soil_01177.jpg,clay soil
clay_soil_53_0_7697.jpeg,clay_soil_01178.jpg,clay soil
clay_soil_5_0_3876.jpeg,clay_soil_01179.jpg,clay soil
clay_soil_158_0_8606.jpeg,clay_soil_01180.jpg,clay soil
clay_soil_102_0_7976.jpeg,clay_soil_01181.jpg,clay soil
clay_soil_119_0_2061.jpeg,clay_soil_01182.jpg,clay soil
clay_soil_117_0_4441.jpeg,clay_soil_01183.jpg,clay soil
clay_soil_77_0_6476.jpeg,clay_soil_01184.jpg,clay soil
clay_soil_152_0_4380.jpeg,clay_soil_01185.jpg,clay soil
clay_soil_11_0_3148.jpeg,clay_soil_01186.jpg,clay soil
clay_soil_61_0_2722.jpeg,clay_soil_01187.jpg,clay soil
clay_soil_107_0_7131.jpeg,clay_soil_01188.jpg,clay soil
clay_soil_101_0_4581.jpeg,clay_soil_01189.jpg,clay soil
clay_soil_72_0_5969.jpeg,clay_soil_01190.jpg,clay soil
clay_soil_7_0_9687.jpeg,clay_soil_01191.jpg,clay soil
clay_soil_128_0_4543.jpeg,clay_soil_01192.jpg,clay soil
clay_soil_24_0_8889.jpeg,clay_soil_01193.jpg,clay soil
clay_soil_159_0_5945.jpeg,clay_soil_01194.jpg,clay soil
clay_soil_151_0_5274.jpeg,clay_soil_01195.jpg,clay soil
clay_soil_109_0_4001.jpeg,clay_soil_01196.jpg,clay soil
clay_soil_91_0_2636.jpeg,clay_soil_01197.jpg,clay soil
clay_soil_39_0_5967.jpeg,clay_soil_01198.jpg,clay soil
clay_soil_36_0_3616.jpeg,clay_soil_01199.jpg,clay soil
clay_soil_129_0_9608.jpeg,clay_soil_01200.jpg,clay soil
clay_soil_115_0_829.jpeg,clay_soil_01201.jpg,clay soil
clay_soil_130_0_2937.jpeg,clay_soil_01202.jpg,clay soil
clay_soil_106_0_6030.jpeg,clay_soil_01203.jpg,clay soil
clay_soil_153_0_4330.jpeg,clay_soil_01204.jpg,clay soil
clay_soil_5_0_5319.jpeg,clay_soil_01205.jpg,clay soil
clay_soil_99_0_9821.jpeg,clay_soil_01206.jpg,clay soil
clay_soil_17_0_5231.jpeg,clay_soil_01207.jpg,clay soil
clay_soil_35_0_2087.jpeg,clay_soil_01208.jpg,clay soil
clay_soil_7_0_7880.jpeg,clay_soil_01209.jpg,clay soil
clay_soil_110_0_9673.jpeg,clay_soil_01210.jpg,clay soil
clay_soil_103_0_6975.jpeg,clay_soil_01211.jpg,clay soil
clay_soil_126_0_2177.jpeg,clay_soil_01212.jpg,clay soil
clay_soil_71_0_7185.jpeg,clay_soil_01213.jpg,clay soil
clay_soil_125_0_203.jpeg,clay_soil_01214.jpg,clay soil
clay_soil_118_0_2350.jpeg,clay_soil_01215.jpg,clay soil
clay_soil_6_0_724.jpeg,clay_soil_01216.jpg,clay soil
clay_soil_52_0_6928.jpeg,clay_soil_01217.jpg,clay soil
clay_soil_113_0_678.jpeg,clay_soil_01218.jpg,clay soil
clay_soil_37_0_728.jpeg,clay_soil_01219.jpg,clay soil
clay_soil_133_0_8942.jpeg,clay_soil_01220.jpg,clay soil
clay_soil_80_0_256.jpeg,clay_soil_01221.jpg,clay soil
clay_soil_12_0_3637.jpeg,clay_soil_01222.jpg,clay soil
clay_soil_48_0_3739.jpeg,clay_soil_01223.jpg,clay soil
clay_soil_35_0_9171.jpeg,clay_soil_01224.jpg,clay soil
clay_soil_28_0_5931.jpeg,clay_soil_01225.jpg,clay soil
clay_soil_148_0_3393.jpeg,clay_soil_01226.jpg,clay soil
clay_soil_125_0_641.jpeg,clay_soil_01227.jpg,clay soil
clay_soil_18_0_6225.jpeg,clay_soil_01228.jpg,clay soil
clay_soil_148_0_7446.jpeg,clay_soil_01229.jpg,clay soil
clay_soil_87_0_8488.jpeg,clay_soil_01230.jpg,clay soil
clay_soil_44_0_4643.jpeg,clay_soil_01231.jpg,clay soil
clay_soil_145_0_6520.jpeg,clay_soil_01232.jpg,clay soil
clay_soil_113_0_1572.jpeg,clay_soil_01233.jpg,clay soil
clay_soil_95_0_6187.jpeg,clay_soil_01234.jpg,clay soil
clay_soil_20_0_9804.jpeg,clay_soil_01235.jpg,clay soil
clay_soil_0_0_4233.jpeg,clay_soil_01236.jpg,clay soil
clay_soil_161_0_378.jpeg,clay_soil_01237.jpg,clay soil
clay_soil_0_0_4115.jpeg,clay_soil_01238.jpg,clay soil
clay_soil_56_0_6372.jpeg,clay_soil_01239.jpg,clay soil
clay_soil_49_0_2895.jpeg,clay_soil_01240.jpg,clay soil
clay_soil_98_0_2614.jpeg,clay_soil_01241.jpg,clay soil
clay_soil_15_0_6071.jpeg,clay_soil_01242.jpg,clay soil
clay_soil_111_0_7677.jpeg,clay_soil_01243.jpg,clay soil
clay_soil_114_0_834.jpeg,clay_soil_01244.jpg,clay soil
clay_soil_143_0_5078.jpeg,clay_soil_01245.jpg,clay soil
clay_soil_161_0_7704.jpeg,clay_soil_01246.jpg,clay soil
clay_soil_100_0_138.jpeg,clay_soil_01247.jpg,clay soil
clay_soil_161_0_5290.jpeg,clay_soil_01248.jpg,clay soil
clay_soil_135_0_7911.jpeg,clay_soil_01249.jpg,clay soil
clay_soil_131_0_4642.jpeg,clay_soil_01250.jpg,clay soil
clay_soil_22_0_7970.jpeg,clay_soil_01251.jpg,clay soil
clay_soil_88_0_8934.jpeg,clay_soil_01252.jpg,clay soil
clay_soil_90_0_4480.jpeg,clay_soil_01253.jpg,clay soil
clay_soil_154_0_3145.jpeg,clay_soil_01254.jpg,clay soil
clay_soil_99_0_2806.jpeg,clay_soil_01255.jpg,clay soil
clay_soil_120_0_5435.jpeg,clay_soil_01256.jpg,clay soil
clay_soil_122_0_3332.jpeg,clay_soil_01257.jpg,clay soil
clay_soil_158_0_1341.jpeg,clay_soil_01258.jpg,clay soil
clay_soil_144_0_2398.jpeg,clay_soil_01259.jpg,clay soil
clay_soil_48_0_5168.jpeg,clay_soil_01260.jpg,clay soil
clay_soil_37_0_1003.jpeg,clay_soil_01261.jpg,clay soil
clay_soil_52_0_5685.jpeg,clay_soil_01262.jpg,clay soil
clay_soil_80_0_1846.jpeg,clay_soil_01263.jpg,clay soil
clay_soil_120_0_3210.jpeg,clay_soil_01264.jpg,clay soil
clay_soil_140_0_2973.jpeg,clay_soil_01265.jpg,clay soil
clay_soil_122_0_743.jpeg,clay_soil_01266.jpg,clay soil
clay_soil_63_0_5947.jpeg,clay_soil_01267.jpg,clay soil
clay_soil_109_0_9903.jpeg,clay_soil_01268.jpg,clay soil
clay_soil_149_0_6856.jpeg,clay_soil_01269.jpg,clay soil
clay_soil_23_0_8727.jpeg,clay_soil_01270.jpg,clay soil
clay_soil_27_0_2061.jpeg,clay_soil_01271.jpg,clay soil
clay_soil_130_0_1162.jpeg,clay_soil_01272.jpg,clay soil
clay_soil_148_0_8751.jpeg,clay_soil_01273.jpg,clay soil
clay_soil_11_0_1044.jpeg,clay_soil_01274.jpg,clay soil
clay_soil_154_0_5557.jpeg,clay_soil_01275.jpg,clay soil
clay_soil_51_0_3979.jpeg,clay_soil_01276.jpg,clay soil
clay_soil_128_0_6710.jpeg,clay_soil_01277.jpg,clay soil
clay_soil_107_0_2233.jpeg,clay_soil_01278.jpg,clay soil
clay_soil_94_0_3344.jpeg,clay_soil_01279.jpg,clay soil
clay_soil_24_0_2958.jpeg,clay_soil_01280.jpg,clay soil
clay_soil_150_0_8701.jpeg,clay_soil_01281.jpg,clay soil
clay_soil_118_0_6928.jpeg,clay_soil_01282.jpg,clay soil
clay_soil_85_0_8613.jpeg,clay_soil_01283.jpg,clay soil
clay_soil_89_0_1998.jpeg,clay_soil_01284.jpg,clay soil
clay_soil_19_0_4477.jpeg,clay_soil_01285.jpg,clay soil
clay_soil_157_0_1733.jpeg,clay_soil_01286.jpg,clay soil
clay_soil_132_0_3890.jpeg,clay_soil_01287.jpg,clay soil
clay_soil_143_0_2777.jpeg,clay_soil_01288.jpg,clay soil
clay_soil_77_0_795.jpeg,clay_soil_01289.jpg,clay soil
clay_soil_119_0_2510.jpeg,clay_soil_01290.jpg,clay soil
clay_soil_142_0_6808.jpeg,clay_soil_01291.jpg,clay soil
clay_soil_112_0_1615.jpeg,clay_soil_01292.jpg,clay soil
clay_soil_96_0_3557.jpeg,clay_soil_01293.jpg,clay soil
clay_soil_85_0_8869.jpeg,clay_soil_01294.jpg,clay soil
clay_soil_136_0_1361.jpeg,clay_soil_01295.jpg,clay soil
clay_soil_152_0_435.jpeg,clay_soil_01296.jpg,clay soil
clay_soil_119_0_5261.jpeg,clay_soil_01297.jpg,clay soil
clay_soil_135_0_5876.jpeg,clay_soil_01298.jpg,clay soil
clay_soil_70_0_1373.jpeg,clay_soil_01299.jpg,clay soil
clay_soil_138_0_3401.jpeg,clay_soil_01300.jpg,clay soil
clay_soil_114_0_7634.jpeg,clay_soil_01301.jpg,clay soil
clay_soil_129_0_674.jpeg,clay_soil_01302.jpg,clay soil
clay_soil_118_0_7767.jpeg,clay_soil_01303.jpg,clay soil
clay_soil_80_0_3251.jpeg,clay_soil_01304.jpg,clay soil
clay_soil_93_0_2428.jpeg,clay_soil_01305.jpg,clay soil
red_soil_46_0_1468.jpeg,red_soil_01306.jpg,red soil
red_soil_134_0_6988.jpeg,red_soil_01307.jpg,red soil
red_soil_33_0_6519.jpeg,red_soil_01308.jpg,red soil
red_soil_54_0_9844.jpeg,red_soil_01309.jpg,red soil
red_soil_34_0_3486.jpeg,red_soil_01310.jpg,red soil
red_soil_50_0_3468.jpeg,red_soil_01311.jpg,red soil
red_soil_130_0_6396.jpeg,red_soil_01312.jpg,red soil
red_soil_111_0_514.jpeg,red_soil_01313.jpg,red soil
red_soil_40_0_5950.jpeg,red_soil_01314.jpg,red soil
red_soil_6_0_1320.jpeg,red_soil_01315.jpg,red soil
red_soil_39_0_5761.jpeg,red_soil_01316.jpg,red soil
red_soil_107_0_5218.jpeg,red_soil_01317.jpg,red soil
red_soil_151_0_5770.jpeg,red_soil_01318.jpg,red soil
red_soil_86_0_6607.jpeg,red_soil_01319.jpg,red soil
red_soil_131_0_8674.jpeg,red_soil_01320.jpg,red soil
red_soil_3_0_4199.jpeg,red_soil_01321.jpg,red soil
red_soil_21_0_6462.jpeg,red_soil_01322.jpg,red soil
red_soil_47_0_7957.jpeg,red_soil_01323.jpg,red soil
red_soil_50_0_9625.jpeg,red_soil_01324.jpg,red soil
red_soil_59_0_4555.jpeg,red_soil_01325.jpg,red soil
red_soil_147_0_9046.jpeg,red_soil_01326.jpg,red soil
red_soil_65_0_1832.jpeg,red_soil_01327.jpg,red soil
red_soil_95_0_613.jpeg,red_soil_01328.jpg,red soil
red_soil_115_0_1888.jpeg,red_soil_01329.jpg,red soil
red_soil_92_0_618.jpeg,red_soil_01330.jpg,red soil
red_soil_68_0_5341.jpeg,red_soil_01331.jpg,red soil
red_soil_105_0_9720.jpeg,red_soil_01332.jpg,red soil
red_soil_66_0_5913.jpeg,red_soil_01333.jpg,red soil
red_soil_35_0_3895.jpeg,red_soil_01334.jpg,red soil
red_soil_92_0_1159.jpeg,red_soil_01335.jpg,red soil
red_soil_57_0_9312.jpeg,red_soil_01336.jpg,red soil
red_soil_0_0_367.jpeg,red_soil_01337.jpg,red soil
red_soil_42_0_9943.jpeg,red_soil_01338.jpg,red soil
red_soil_139_0_5686.jpeg,red_soil_01339.jpg,red soil
red_soil_23_0_6334.jpeg,red_soil_01340.jpg,red soil
red_soil_116_0_6864.jpeg,red_soil_01341.jpg,red soil
red_soil_58_0_2131.jpeg,red_soil_01342.jpg,red soil
red_soil_143_0_3918.jpeg,red_soil_01343.jpg,red soil
red_soil_32_0_2962.jpeg,red_soil_01344.jpg,red soil
red_soil_118_0_6485.jpeg,red_soil_01345.jpg,red soil
red_soil_85_0_6724.jpeg,red_soil_01346.jpg,red soil
red_soil_104_0_7590.jpeg,red_soil_01347.jpg,red soil
red_soil_151_0_3321.jpeg,red_soil_01348.jpg,red soil
red_soil_61_0_6295.jpeg,red_soil_01349.jpg,red soil
red_soil_124_0_6171.jpeg,red_soil_01350.jpg,red soil
red_soil_48_0_2802.jpeg,red_soil_01351.jpg,red soil
red_soil_140_0_8592.jpeg,red_soil_01352.jpg,red soil
red_soil_18_0_1170.jpeg,red_soil_01353.jpg,red soil
red_soil_59_0_1424.jpeg,red_soil_01354.jpg,red soil
red_soil_133_0_5909.jpeg,red_soil_01355.jpg,red soil
red_soil_113_0_2264.jpeg,red_soil_01356.jpg,red soil
red_soil_100_0_4713.jpeg,red_soil_01357.jpg,red soil
red_soil_2_0_4752.jpeg,red_soil_01358.jpg,red soil
red_soil_98_0_4687.jpeg,red_soil_01359.jpg,red soil
red_soil_11_0_2265.jpeg,red_soil_01360.jpg,red soil
red_soil_76_0_3874.jpeg,red_soil_01361.jpg,red soil
red_soil_51_0_6052.jpeg,red_soil_01362.jpg,red soil
red_soil_49_0_8173.jpeg,red_soil_01363.jpg,red soil
red_soil_21_0_8173.jpeg,red_soil_01364.jpg,red soil
red_soil_65_0_1893.jpeg,red_soil_01365.jpg,red soil
red_soil_13_0_3584.jpeg,red_soil_01366.jpg,red soil
red_soil_129_0_9020.jpeg,red_soil_01367.jpg,red soil
red_soil_91_0_7498.jpeg,red_soil_01368.jpg,red soil
red_soil_98_0_9704.jpeg,red_soil_01369.jpg,red soil
red_soil_80_0_4849.jpeg,red_soil_01370.jpg,red soil
red_soil_34_0_8971.jpeg,red_soil_01371.jpg,red soil
red_soil_128_0_7197.jpeg,red_soil_01372.jpg,red soil
red_soil_131_0_9369.jpeg,red_soil_01373.jpg,red soil
red_soil_52_0_9660.jpeg,red_soil_01374.jpg,red soil
red_soil_23_0_5676.jpeg,red_soil_01375.jpg,red soil
red_soil_114_0_1513.jpeg,red_soil_01376.jpg,red soil
red_soil_33_0_9263.jpeg,red_soil_01377.jpg,red soil
red_soil_27_0_3149.jpeg,red_soil_01378.jpg,red soil
red_soil_72_0_2398.jpeg,red_soil_01379.jpg,red soil
red_soil_62_0_5519.jpeg,red_soil_01380.jpg,red soil
red_soil_136_0_2284.jpeg,red_soil_01381.jpg,red soil
red_soil_60_0_3373.jpeg,red_soil_01382.jpg,red soil
red_soil_7_0_4151.jpeg,red_soil_01383.jpg,red soil
red_soil_76_0_2360.jpeg,red_soil_01384.jpg,red soil
red_soil_96_0_2241.jpeg,red_soil_01385.jpg,red soil
red_soil_84_0_7178.jpeg,red_soil_01386.jpg,red soil
red_soil_141_0_7655.jpeg,red_soil_01387.jpg,red soil
red_soil_121_0_7969.jpeg,red_soil_01388.jpg,red soil
red_soil_75_0_7423.jpeg,red_soil_01389.jpg,red soil
red_soil_121_0_5839.jpeg,red_soil_01390.jpg,red soil
red_soil_22_0_8710.jpeg,red_soil_01391.jpg,red soil
red_soil_28_0_2363.jpeg,red_soil_01392.jpg,red soil
red_soil_119_0_2045.jpeg,red_soil_01393.jpg,red soil
red_soil_87_0_4717.jpeg,red_soil_01394.jpg,red soil
red_soil_90_0_2659.jpeg,red_soil_01395.jpg,red soil
red_soil_154_0_8032.jpeg,red_soil_01396.jpg,red soil
red_soil_111_0_4214.jpeg,red_soil_01397.jpg,red soil
red_soil_61_0_1583.jpeg,red_soil_01398.jpg,red soil
red_soil_110_0_4993.jpeg,red_soil_01399.jpg,red soil
red_soil_1_0_9403.jpeg,red_soil_01400.jpg,red soil
red_soil_105_0_6692.jpeg,red_soil_01401.jpg,red soil
red_soil_114_0_9798.jpeg,red_soil_01402.jpg,red soil
red_soil_156_0_3601.jpeg,red_soil_01403.jpg,red soil
red_soil_64_0_1651.jpeg,red_soil_01404.jpg,red soil
red_soil_79_0_8467.jpeg,red_soil_01405.jpg,red soil
red_soil_20_0_9300.jpeg,red_soil_01406.jpg,red soil
red_soil_59_0_7879.jpeg,red_soil_01407.jpg,red soil
red_soil_66_0_6294.jpeg,red_soil_01408.jpg,red soil
red_soil_14_0_2680.jpeg,red_soil_01409.jpg,red soil
red_soil_101_0_8104.jpeg,red_soil_01410.jpg,red soil
red_soil_69_0_9368.jpeg,red_soil_01411.jpg,red soil
red_soil_110_0_498.jpeg,red_soil_01412.jpg,red soil
red_soil_127_0_7863.jpeg,red_soil_01413.jpg,red soil
red_soil_148_0_3094.jpeg,red_soil_01414.jpg,red soil
red_soil_151_0_7801.jpeg,red_soil_01415.jpg,red soil
red_soil_146_0_54.jpeg,red_soil_01416.jpg,red soil
red_soil_157_0_6260.jpeg,red_soil_01417.jpg,red soil
red_soil_129_0_1218.jpeg,red_soil_01418.jpg,red soil
red_soil_50_0_2594.jpeg,red_soil_01419.jpg,red soil
red_soil_56_0_5823.jpeg,red_soil_01420.jpg,red soil
red_soil_152_0_107.jpeg,red_soil_01421.jpg,red soil
red_soil_82_0_3988.jpeg,red_soil_01422.jpg,red soil
red_soil_117_0_9048.jpeg,red_soil_01423.jpg,red soil
red_soil_76_0_3878.jpeg,red_soil_01424.jpg,red soil
red_soil_12_0_6792.jpeg,red_soil_01425.jpg,red soil
red_soil_17_0_7396.jpeg,red_soil_01426.jpg,red soil
red_soil_16_0_7836.jpeg,red_soil_01427.jpg,red soil
red_soil_125_0_2177.jpeg,red_soil_01428.jpg,red soil
red_soil_142_0_6577.jpeg,red_soil_01429.jpg,red soil
red_soil_102_0_2606.jpeg,red_soil_01430.jpg,red soil
red_soil_7_0_4605.jpeg,red_soil_01431.jpg,red soil
red_soil_100_0_9672.jpeg,red_soil_01432.jpg,red soil
red_soil_104_0_2715.jpeg,red_soil_01433.jpg,red soil
red_soil_21_0_9973.jpeg,red_soil_01434.jpg,red soil
red_soil_53_0_676.jpeg,red_soil_01435.jpg,red soil
red_soil_41_0_2355.jpeg,red_soil_01436.jpg,red soil
red_soil_97_0_6194.jpeg,red_soil_01437.jpg,red soil
red_soil_150_0_5993.jpeg,red_soil_01438.jpg,red soil
red_soil_152_0_2538.jpeg,red_soil_01439.jpg,red soil
red_soil_130_0_7334.jpeg,red_soil_01440.jpg,red soil
red_soil_53_0_6874.jpeg,red_soil_01441.jpg,red soil
red_soil_17_0_6105.jpeg,red_soil_01442.jpg,red soil
red_soil_36_0_8409.jpeg,red_soil_01443.jpg,red soil
red_soil_60_0_6414.jpeg,red_soil_01444.jpg,red soil
red_soil_122_0_4284.jpeg,red_soil_01445.jpg,red soil
red_soil_139_0_910.jpeg,red_soil_01446.jpg,red soil
red_soil_80_0_8288.jpeg,red_soil_01447.jpg,red soil
red_soil_90_0_811.jpeg,red_soil_01448.jpg,red soil
red_soil_86_0_8786.jpeg,red_soil_01449.jpg,red soil
red_soil_132_0_7309.jpeg,red_soil_01450.jpg,red soil
red_soil_101_0_8896.jpeg,red_soil_01451.jpg,red soil
red_soil_30_0_2246.jpeg,red_soil_01452.jpg,red soil
red_soil_103_0_8566.jpeg,red_soil_01453.jpg,red soil
red_soil_141_0_4603.jpeg,red_soil_01454.jpg,red soil
red_soil_98_0_4424.jpeg,red_soil_01455.jpg,red soil
red_soil_157_0_4387.jpeg,red_soil_01456.jpg,red soil
red_soil_144_0_600.jpeg,red_soil_01457.jpg,red soil
red_soil_83_0_5403.jpeg,red_soil_01458.jpg,red soil
red_soil_80_0_2130.jpeg,red_soil_01459.jpg,red soil
red_soil_142_0_6325.jpeg,red_soil_01460.jpg,red soil
red_soil_119_0_832.jpeg,red_soil_01461.jpg,red soil
red_soil_131_0_7903.jpeg,red_soil_01462.jpg,red soil
red_soil_128_0_4377.jpeg,red_soil_01463.jpg,red soil
red_soil_58_0_813.jpeg,red_soil_01464.jpg,red soil
red_soil_109_0_3193.jpeg,red_soil_01465.jpg,red soil
red_soil_52_0_6547.jpeg,red_soil_01466.jpg,red soil
red_soil_95_0_3109.jpeg,red_soil_01467.jpg,red soil
red_soil_148_0_1021.jpeg,red_soil_01468.jpg,red soil
red_soil_113_0_2837.jpeg,red_soil_01469.jpg,red soil
red_soil_41_0_9447.jpeg,red_soil_01470.jpg,red soil
red_soil_75_0_7600.jpeg,red_soil_01471.jpg,red soil
red_soil_16_0_4398.jpeg,red_soil_01472.jpg,red soil
red_soil_35_0_1357.jpeg,red_soil_01473.jpg,red soil
red_soil_5_0_2554.jpeg,red_soil_01474.jpg,red soil
red_soil_106_0_6139.jpeg,red_soil_01475.jpg,red soil
red_soil_34_0_1709.jpeg,red_soil_01476.jpg,red soil
red_soil_123_0_2348.jpeg,red_soil_01477.jpg,red soil
red_soil_48_0_5750.jpeg,red_soil_01478.jpg,red soil
red_soil_36_0_8417.jpeg,red_soil_01479.jpg,red soil
red_soil_118_0_1075.jpeg,red_soil_01480.jpg,red soil
red_soil_43_0_1526.jpeg,red_soil_01481.jpg,red soil
red_soil_53_0_3210.jpeg,red_soil_01482.jpg,red soil
red_soil_138_0_960.jpeg,red_soil_01483.jpg,red soil
red_soil_60_0_3052.jpeg,red_soil_01484.jpg,red soil
red_soil_126_0_2633.jpeg,red_soil_01485.jpg,red soil
red_soil_51_0_3921.jpeg,red_soil_01486.jpg,red soil
red_soil_77_0_481.jpeg,red_soil_01487.jpg,red soil
red_soil_30_0_3400.jpeg,red_soil_01488.jpg,red soil
red_soil_90_0_4005.jpeg,red_soil_01489.jpg,red soil
red_soil_108_0_1861.jpeg,red_soil_01490.jpg,red soil
red_soil_111_0_8507.jpeg,red_soil_01491.jpg,red soil
red_soil_133_0_4366.jpeg,red_soil_01492.jpg,red soil
red_soil_134_0_9623.jpeg,red_soil_01493.jpg,red soil
red_soil_87_0_8885.jpeg,red_soil_01494.jpg,red soil
red_soil_125_0_888.jpeg,red_soil_01495.jpg,red soil
red_soil_145_0_7561.jpeg,red_soil_01496.jpg,red soil
red_soil_150_0_6002.jpeg,red_soil_01497.jpg,red soil
red_soil_145_0_5706.jpeg,red_soil_01498.jpg,red soil
red_soil_154_0_5563.jpeg,red_soil_01499.jpg,red soil
red_soil_84_0_106.jpeg,red_soil_01500.jpg,red soil
red_soil_26_0_9492.jpeg,red_soil_01501.jpg,red soil
red_soil_133_0_1484.jpeg,red_soil_01502.jpg,red soil
red_soil_0_0_9253.jpeg,red_soil_01503.jpg,red soil
red_soil_6_0_2525.jpeg,red_soil_01504.jpg,red soil
red_soil_109_0_835.jpeg,red_soil_01505.jpg,red soil
red_soil_129_0_9557.jpeg,red_soil_01506.jpg,red soil
red_soil_149_0_4203.jpeg,red_soil_01507.jpg,red soil
red_soil_8_0_7170.jpeg,red_soil_01508.jpg,red soil
red_soil_124_0_19.jpeg,red_soil_01509.jpg,red soil
red_soil_96_0_4500.jpeg,red_soil_01510.jpg,red soil
red_soil_16_0_2142.jpeg,red_soil_01511.jpg,red soil
red_soil_29_0_1630.jpeg,red_soil_01512.jpg,red soil
red_soil_33_0_5532.jpeg,red_soil_01513.jpg,red soil
red_soil_97_0_5058.jpeg,red_soil_01514.jpg,red soil
red_soil_85_0_2843.jpeg,red_soil_01515.jpg,red soil
red_soil_69_0_4371.jpeg,red_soil_01516.jpg,red soil
red_soil_124_0_4154.jpeg,red_soil_01517.jpg,red soil
red_soil_127_0_8549.jpeg,red_soil_01518.jpg,red soil
red_soil_147_0_4799.jpeg,red_soil_01519.jpg,red soil
red_soil_117_0_2512.jpeg,red_soil_01520.jpg,red soil
red_soil_23_0_6637.jpeg,red_soil_01521.jpg,red soil
red_soil_93_0_8137.jpeg,red_soil_01522.jpg,red soil
red_soil_133_0_2100.jpeg,red_soil_01523.jpg,red soil
red_soil_135_0_6594.jpeg,red_soil_01524.jpg,red soil
red_soil_52_0_4815.jpeg,red_soil_01525.jpg,red soil
red_soil_101_0_2569.jpeg,red_soil_01526.jpg,red soil
red_soil_102_0_8221.jpeg,red_soil_01527.jpg,red soil
red_soil_107_0_6946.jpeg,red_soil_01528.jpg,red soil
red_soil_52_0_2279.jpeg,red_soil_01529.jpg,red soil
red_soil_20_0_1695.jpeg,red_soil_01530.jpg,red soil
red_soil_10_0_7834.jpeg,red_soil_01531.jpg,red soil
red_soil_22_0_4997.jpeg,red_soil_01532.jpg,red soil
red_soil_36_0_8448.jpeg,red_soil_01533.jpg,red soil
red_soil_32_0_4319.jpeg,red_soil_01534.jpg,red soil
red_soil_118_0_8120.jpeg,red_soil_01535.jpg,red soil
red_soil_14_0_657.jpeg,red_soil_01536.jpg,red soil
red_soil_37_0_8390.jpeg,red_soil_01537.jpg,red soil
red_soil_55_0_412.jpeg,red_soil_01538.jpg,red soil
red_soil_20_0_605.jpeg,red_soil_01539.jpg,red soil
red_soil_107_0_4585.jpeg,red_soil_01540.jpg,red soil
red_soil_15_0_1345.jpeg,red_soil_01541.jpg,red soil
red_soil_121_0_5473.jpeg,red_soil_01542.jpg,red soil
red_soil_102_0_4096.jpeg,red_soil_01543.jpg,red soil
red_soil_19_0_1800.jpeg,red_soil_01544.jpg,red soil
red_soil_119_0_7819.jpeg,red_soil_01545.jpg,red soil
red_soil_82_0_3702.jpeg,red_soil_01546.jpg,red soil
red_soil_51_0_1402.jpeg,red_soil_01547.jpg,red soil
red_soil_113_0_1910.jpeg,red_soil_01548.jpg,red soil
red_soil_143_0_2139.jpeg,red_soil_01549.jpg,red soil
red_soil_23_0_7784.jpeg,red_soil_01550.jpg,red soil
red_soil_109_0_2262.jpeg,red_soil_01551.jpg,red soil
red_soil_49_0_2153.jpeg,red_soil_01552.jpg,red soil
red_soil_123_0_7977.jpeg,red_soil_01553.jpg,red soil
red_soil_83_0_4227.jpeg,red_soil_01554.jpg,red soil
red_soil_35_0_945.jpeg,red_soil_01555.jpg,red soil
red_soil_127_0_5088.jpeg,red_soil_01556.jpg,red soil
red_soil_48_0_8503.jpeg,red_soil_01557.jpg,red soil
red_soil_81_0_2053.jpeg,red_soil_01558.jpg,red soil
red_soil_57_0_1670.jpeg,red_soil_01559.jpg,red soil
red_soil_119_0_8739.jpeg,red_soil_01560.jpg,red soil
red_soil_77_0_3180.jpeg,red_soil_01561.jpg,red soil
red_soil_54_0_7731.jpeg,red_soil_01562.jpg,red soil
red_soil_95_0_8980.jpeg,red_soil_01563.jpg,red soil
red_soil_32_0_3981.jpeg,red_soil_01564.jpg,red soil
red_soil_45_0_3613.jpeg,red_soil_01565.jpg,red soil
red_soil_58_0_7544.jpeg,red_soil_01566.jpg,red soil
red_soil_142_0_1388.jpeg,red_soil_01567.jpg,red soil
red_soil_15_0_6935.jpeg,red_soil_01568.jpg,red soil
red_soil_54_0_3593.jpeg,red_soil_01569.jpg,red soil
red_soil_149_0_2761.jpeg,red_soil_01570.jpg,red soil
red_soil_103_0_2933.jpeg,red_soil_01571.jpg,red soil
red_soil_144_0_7291.jpeg,red_soil_01572.jpg,red soil
red_soil_99_0_2412.jpeg,red_soil_01573.jpg,red soil
red_soil_96_0_8624.jpeg,red_soil_01574.jpg,red soil
red_soil_2_0_7775.jpeg,red_soil_01575.jpg,red soil
red_soil_106_0_2616.jpeg,red_soil_01576.jpg,red soil
red_soil_39_0_3540.jpeg,red_soil_01577.jpg,red soil
red_soil_57_0_3801.jpeg,red_soil_01578.jpg,red soil
red_soil_33_0_7626.jpeg,red_soil_01579.jpg,red soil
red_soil_64_0_2289.jpeg,red_soil_01580.jpg,red soil
red_soil_155_0_5152.jpeg,red_soil_01581.jpg,red soil
red_soil_47_0_2635.jpeg,red_soil_01582.jpg,red soil
red_soil_88_0_9781.jpeg,red_soil_01583.jpg,red soil
red_soil_98_0_5777.jpeg,red_soil_01584.jpg,red soil
red_soil_89_0_5720.jpeg,red_soil_01585.jpg,red soil
red_soil_55_0_2825.jpeg,red_soil_01586.jpg,red soil
red_soil_108_0_1432.jpeg,red_soil_01587.jpg,red soil
red_soil_11_0_6902.jpeg,red_soil_01588.jpg,red soil
red_soil_67_0_6139.jpeg,red_soil_01589.jpg,red soil
red_soil_128_0_4721.jpeg,red_soil_01590.jpg,red soil
red_soil_63_0_2470.jpeg,red_soil_01591.jpg,red soil
red_soil_9_0_6167.jpeg,red_soil_01592.jpg,red soil
red_soil_75_0_8816.jpeg,red_soil_01593.jpg,red soil
red_soil_22_0_4455.jpeg,red_soil_01594.jpg,red soil
red_soil_60_0_5414.jpeg,red_soil_01595.jpg,red soil
red_soil_81_0_7781.jpeg,red_soil_01596.jpg,red soil
red_soil_120_0_7575.jpeg,red_soil_01597.jpg,red soil
red_soil_138_0_7334.jpeg,red_soil_01598.jpg,red soil
red_soil_150_0_1072.jpeg,red_soil_01599.jpg,red soil
red_soil_100_0_7240.jpeg,red_soil_01600.jpg,red soil
red_soil_96_0_674.jpeg,red_soil_01601.jpg,red soil
red_soil_44_0_2508.jpeg,red_soil_01602.jpg,red soil
red_soil_134_0_5718.jpeg,red_soil_01603.jpg,red soil
red_soil_94_0_64.jpeg,red_soil_01604.jpg,red soil
red_soil_92_0_9661.jpeg,red_soil_01605.jpg,red soil
red_soil_135_0_5026.jpeg,red_soil_01606.jpg,red soil
red_soil_136_0_5842.jpeg,red_soil_01607.jpg,red soil
red_soil_152_0_2232.jpeg,red_soil_01608.jpg,red soil
red_soil_114_0_4899.jpeg,red_soil_01609.jpg,red soil
red_soil_56_0_1580.jpeg,red_soil_01610.jpg,red soil
red_soil_67_0_2467.jpeg,red_soil_01611.jpg,red soil
red_soil_77_0_6228.jpeg,red_soil_01612.jpg,red soil
red_soil_115_0_4297.jpeg,red_soil_01613.jpg,red soil
red_soil_56_0_2442.jpeg,red_soil_01614.jpg,red soil
red_soil_28_0_575.jpeg,red_soil_01615.jpg,red soil
red_soil_115_0_2786.jpeg,red_soil_01616.jpg,red soil
red_soil_12_0_1856.jpeg,red_soil_01617.jpg,red soil
red_soil_140_0_5351.jpeg,red_soil_01618.jpg,red soil
red_soil_38_0_8944.jpeg,red_soil_01619.jpg,red soil
red_soil_91_0_9798.jpeg,red_soil_01620.jpg,red soil
red_soil_114_0_8305.jpeg,red_soil_01621.jpg,red soil
red_soil_149_0_949.jpeg,red_soil_01622.jpg,red soil
red_soil_117_0_8917.jpeg,red_soil_01623.jpg,red soil
red_soil_121_0_93.jpeg,red_soil_01624.jpg,red soil
red_soil_139_0_3029.jpeg,red_soil_01625.jpg,red soil
red_soil_76_0_8066.jpeg,red_soil_01626.jpg,red soil
red_soil_130_0_8782.jpeg,red_soil_01627.jpg,red soil
red_soil_147_0_1334.jpeg,red_soil_01628.jpg,red soil
red_soil_65_0_7239.jpeg,red_soil_01629.jpg,red soil
red_soil_35_0_8799.jpeg,red_soil_01630.jpg,red soil
red_soil_20_0_4184.jpeg,red_soil_01631.jpg,red soil
red_soil_71_0_4201.jpeg,red_soil_01632.jpg,red soil
red_soil_145_0_9165.jpeg,red_soil_01633.jpg,red soil
red_soil_122_0_7144.jpeg,red_soil_01634.jpg,red soil
red_soil_4_0_6107.jpeg,red_soil_01635.jpg,red soil
red_soil_91_0_2127.jpeg,red_soil_01636.jpg,red soil
red_soil_95_0_343.jpeg,red_soil_01637.jpg,red soil
red_soil_105_0_5530.jpeg,red_soil_01638.jpg,red soil
red_soil_106_0_9657.jpeg,red_soil_01639.jpg,red soil
red_soil_51_0_3135.jpeg,red_soil_01640.jpg,red soil
red_soil_49_0_76.jpeg,red_soil_01641.jpg,red soil
red_soil_142_0_6572.jpeg,red_soil_01642.jpg,red soil
red_soil_87_0_8534.jpeg,red_soil_01643.jpg,red soil
red_soil_42_0_7387.jpeg,red_soil_01644.jpg,red soil
red_soil_61_0_8220.jpeg,red_soil_01645.jpg,red soil
red_soil_84_0_9193.jpeg,red_soil_01646.jpg,red soil
red_soil_72_0_8414.jpeg,red_soil_01647.jpg,red soil
red_soil_115_0_6062.jpeg,red_soil_01648.jpg,red soil
red_soil_93_0_4315.jpeg,red_soil_01649.jpg,red soil
red_soil_132_0_8611.jpeg,red_soil_01650.jpg,red soil
red_soil_136_0_9941.jpeg,red_soil_01651.jpg,red soil
red_soil_58_0_5215.jpeg,red_soil_01652.jpg,red soil
red_soil_123_0_1407.jpeg,red_soil_01653.jpg,red soil
red_soil_126_0_5487.jpeg,red_soil_01654.jpg,red soil
red_soil_120_0_3414.jpeg,red_soil_01655.jpg,red soil
red_soil_149_0_2454.jpeg,red_soil_01656.jpg,red soil
red_soil_37_0_1182.jpeg,red_soil_01657.jpg,red soil
red_soil_80_0_128.jpeg,red_soil_01658.jpg,red soil
red_soil_100_0_6656.jpeg,red_soil_01659.jpg,red soil
red_soil_15_0_4181.jpeg,red_soil_01660.jpg,red soil
red_soil_55_0_3675.jpeg,red_soil_01661.jpg,red soil
red_soil_140_0_7894.jpeg,red_soil_01662.jpg,red soil
red_soil_48_0_8405.jpeg,red_soil_01663.jpg,red soil
red_soil_130_0_4614.jpeg,red_soil_01664.jpg,red soil
red_soil_4_0_167.jpeg,red_soil_01665.jpg,red soil
red_soil_122_0_9850.jpeg,red_soil_01666.jpg,red soil
red_soil_141_0_5728.jpeg,red_soil_01667.jpg,red soil
red_soil_102_0_6834.jpeg,red_soil_01668.jpg,red soil
red_soil_116_0_9011.jpeg,red_soil_01669.jpg,red soil
red_soil_75_0_7831.jpeg,red_soil_01670.jpg,red soil
red_soil_57_0_9508.jpeg,red_soil_01671.jpg,red soil
red_soil_31_0_5948.jpeg,red_soil_01672.jpg,red soil
red_soil_21_0_8958.jpeg,red_soil_01673.jpg,red soil
red_soil_132_0_775.jpeg,red_soil_01674.jpg,red soil
red_soil_139_0_8572.jpeg,red_soil_01675.jpg,red soil
red_soil_90_0_4641.jpeg,red_soil_01676.jpg,red soil
red_soil_157_0_850.jpeg,red_soil_01677.jpg,red soil
red_soil_92_0_6940.jpeg,red_soil_01678.jpg,red soil
red_soil_94_0_4939.jpeg,red_soil_01679.jpg,red soil
red_soil_138_0_8951.jpeg,red_soil_01680.jpg,red soil
red_soil_126_0_470.jpeg,red_soil_01681.jpg,red soil
red_soil_3_0_8672.jpeg,red_soil_01682.jpg,red soil
red_soil_32_0_212.jpeg,red_soil_01683.jpg,red soil
red_soil_66_0_190.jpeg,red_soil_01684.jpg,red soil
red_soil_72_0_7270.jpeg,red_soil_01685.jpg,red soil
red_soil_93_0_8362.jpeg,red_soil_01686.jpg,red soil
red_soil_124_0_4690.jpeg,red_soil_01687.jpg,red soil
red_soil_120_0_349.jpeg,red_soil_01688.jpg,red soil
red_soil_91_0_686.jpeg,red_soil_01689.jpg,red soil
red_soil_135_0_6680.jpeg,red_soil_01690.jpg,red soil
red_soil_36_0_7282.jpeg,red_soil_01691.jpg,red soil
red_soil_118_0_7184.jpeg,red_soil_01692.jpg,red soil
red_soil_137_0_2462.jpeg,red_soil_01693.jpg,red soil
red_soil_140_0_2556.jpeg,red_soil_01694.jpg,red soil
red_soil_138_0_7790.jpeg,red_soil_01695.jpg,red soil
red_soil_103_0_197.jpeg,red_soil_01696.jpg,red soil
red_soil_150_0_9070.jpeg,red_soil_01697.jpg,red soil
red_soil_103_0_4039.jpeg,red_soil_01698.jpg,red soil
red_soil_45_0_4295.jpeg,red_soil_01699.jpg,red soil
red_soil_117_0_7702.jpeg,red_soil_01700.jpg,red soil
red_soil_97_0_8751.jpeg,red_soil_01701.jpg,red soil
red_soil_78_0_8707.jpeg,red_soil_01702.jpg,red soil
red_soil_120_0_9511.jpeg,red_soil_01703.jpg,red soil
red_soil_143_0_5935.jpeg,red_soil_01704.jpg,red soil
red_soil_62_0_9442.jpeg,red_soil_01705.jpg,red soil
red_soil_19_0_6979.jpeg,red_soil_01706.jpg,red soil
red_soil_87_0_7901.jpeg,red_soil_01707.jpg,red soil
red_soil_49_0_3789.jpeg,red_soil_01708.jpg,red soil
red_soil_129_0_6907.jpeg,red_soil_01709.jpg,red soil
red_soil_89_0_9913.jpeg,red_soil_01710.jpg,red soil
red_soil_83_0_2413.jpeg,red_soil_01711.jpg,red soil
red_soil_61_0_3263.jpeg,red_soil_01712.jpg,red soil
red_soil_50_0_5001.jpeg,red_soil_01713.jpg,red soil
red_soil_65_0_8369.jpeg,red_soil_01714.jpg,red soil
red_soil_135_0_4221.jpeg,red_soil_01715.jpg,red soil
red_soil_88_0_8772.jpeg,red_soil_01716.jpg,red soil
red_soil_44_0_4433.jpeg,red_soil_01717.jpg,red soil
red_soil_112_0_6157.jpeg,red_soil_01718.jpg,red soil
red_soil_15_0_1184.jpeg,red_soil_01719.jpg,red soil
red_soil_128_0_8178.jpeg,red_soil_01720.jpg,red soil
red_soil_5_0_7891.jpeg,red_soil_01721.jpg,red soil
red_soil_107_0_1021.jpeg,red_soil_01722.jpg,red soil
red_soil_141_0_7700.jpeg,red_soil_01723.jpg,red soil
red_soil_132_0_5019.jpeg,red_soil_01724.jpg,red soil
red_soil_79_0_6386.jpeg,red_soil_01725.jpg,red soil
red_soil_144_0_1261.jpeg,red_soil_01726.jpg,red soil
red_soil_84_0_4404.jpeg,red_soil_01727.jpg,red soil
red_soil_145_0_2221.jpeg,red_soil_01728.jpg,red soil
red_soil_71_0_6035.jpeg,red_soil_01729.jpg,red soil
red_soil_83_0_9130.jpeg,red_soil_01730.jpg,red soil
red_soil_125_0_4052.jpeg,red_soil_01731.jpg,red soil
red_soil_116_0_5526.jpeg,red_soil_01732.jpg,red soil
red_soil_131_0_843.jpeg,red_soil_01733.jpg,red soil
red_soil_70_0_4368.jpeg,red_soil_01734.jpg,red soil
red_soil_34_0_7389.jpeg,red_soil_01735.jpg,red soil
red_soil_106_0_3218.jpeg,red_soil_01736.jpg,red soil
red_soil_127_0_3487.jpeg,red_soil_01737.jpg,red soil
red_soil_25_0_9771.jpeg,red_soil_01738.jpg,red soil
red_soil_55_0_4010.jpeg,red_soil_01739.jpg,red soil
red_soil_22_0_270.jpeg,red_soil_01740.jpg,red soil
red_soil_105_0_1802.jpeg,red_soil_01741.jpg,red soil
red_soil_112_0_7959.jpeg,red_soil_01742.jpg,red soil
red_soil_86_0_2506.jpeg,red_soil_01743.jpg,red soil
red_soil_59_0_3417.jpeg,red_soil_01744.jpg,red soil
red_soil_63_0_2933.jpeg,red_soil_01745.jpg,red soil
red_soil_137_0_1903.jpeg,red_soil_01746.jpg,red soil
red_soil_43_0_3784.jpeg,red_soil_01747.jpg,red soil
red_soil_1_0_228.jpeg,red_soil_01748.jpg,red soil
red_soil_126_0_1873.jpeg,red_soil_01749.jpg,red soil
red_soil_101_0_8534.jpeg,red_soil_01750.jpg,red soil
red_soil_146_0_5538.jpeg,red_soil_01751.jpg,red soil
red_soil_108_0_6647.jpeg,red_soil_01752.jpg,red soil
red_soil_17_0_178.jpeg,red_soil_01753.jpg,red soil
red_soil_94_0_2109.jpeg,red_soil_01754.jpg,red soil
red_soil_40_0_4982.jpeg,red_soil_01755.jpg,red soil
red_soil_93_0_288.jpeg,red_soil_01756.jpg,red soil
red_soil_25_0_8956.jpeg,red_soil_01757.jpg,red soil
red_soil_38_0_8496.jpeg,red_soil_01758.jpg,red soil
red_soil_108_0_142.jpeg,red_soil_01759.jpg,red soil
red_soil_53_0_232.jpeg,red_soil_01760.jpg,red soil
red_soil_157_0_1240.jpeg,red_soil_01761.jpg,red soil
red_soil_29_0_6392.jpeg,red_soil_01762.jpg,red soil
red_soil_97_0_5472.jpeg,red_soil_01763.jpg,red soil
red_soil_147_0_8009.jpeg,red_soil_01764.jpg,red soil
red_soil_24_0_6451.jpeg,red_soil_01765.jpg,red soil
red_soil_99_0_7849.jpeg,red_soil_01766.jpg,red soil
red_soil_109_0_5401.jpeg,red_soil_01767.jpg,red soil
red_soil_70_0_4102.jpeg,red_soil_01768.jpg,red soil
red_soil_9_0_4678.jpeg,red_soil_01769.jpg,red soil
red_soil_46_0_6195.jpeg,red_soil_01770.jpg,red soil
red_soil_99_0_597.jpeg,red_soil_01771.jpg,red soil
red_soil_116_0_7724.jpeg,red_soil_01772.jpg,red soil
red_soil_113_0_8790.jpeg,red_soil_01773.jpg,red soil
red_soil_134_0_7598.jpeg,red_soil_01774.jpg,red soil
red_soil_13_0_5659.jpeg,red_soil_01775.jpg,red soil
red_soil_123_0_7459.jpeg,red_soil_01776.jpg,red soil
red_soil_26_0_4540.jpeg,red_soil_01777.jpg,red soil
red_soil_16_0_5862.jpeg,red_soil_01778.jpg,red soil
red_soil_47_0_9994.jpeg,red_soil_01779.jpg,red soil
red_soil_148_0_5573.jpeg,red_soil_01780.jpg,red soil
red_soil_143_0_7418.jpeg,red_soil_01781.jpg,red soil
red_soil_94_0_3137.jpeg,red_soil_01782.jpg,red soil
red_soil_144_0_8246.jpeg,red_soil_01783.jpg,red soil
red_soil_54_0_1587.jpeg,red_soil_01784.jpg,red soil
red_soil_27_0_1208.jpeg,red_soil_01785.jpg,red soil
red_soil_137_0_4944.jpeg,red_soil_01786.jpg,red soil
red_soil_112_0_3096.jpeg,red_soil_01787.jpg,red soil
red_soil_31_0_3644.jpeg,red_soil_01788.jpg,red soil
red_soil_68_0_8497.jpeg,red_soil_01789.jpg,red soil
red_soil_153_0_3222.jpeg,red_soil_01790.jpg,red soil
red_soil_66_0_8057.jpeg,red_soil_01791.jpg,red soil
red_soil_18_0_882.jpeg,red_soil_01792.jpg,red soil
red_soil_137_0_5784.jpeg,red_soil_01793.jpg,red soil
red_soil_78_0_5848.jpeg,red_soil_01794.jpg,red soil
red_soil_99_0_3266.jpeg,red_soil_01795.jpg,red soil
red_soil_56_0_2447.jpeg,red_soil_01796.jpg,red soil
red_soil_10_0_7494.jpeg,red_soil_01797.jpg,red soil
red_soil_122_0_9177.jpeg,red_soil_01798.jpg,red soil
red_soil_77_0_5731.jpeg,red_soil_01799.jpg,red soil
red_soil_125_0_2058.jpeg,red_soil_01800.jpg,red soil
red_soil_136_0_4670.jpeg,red_soil_01801.jpg,red soil
red_soil_8_0_8948.jpeg,red_soil_01802.jpg,red soil
red_soil_148_0_6696.jpeg,red_soil_01803.jpg,red soil
red_soil_17_0_5370.jpeg,red_soil_01804.jpg,red soil
red_soil_24_0_6567.jpeg,red_soil_01805.jpg,red soil
laterite_soil_129_0_1576.jpeg,laterite_soil_01806.jpg,laterite soil
laterite_soil_163_0_2394.jpeg,laterite_soil_01807.jpg,laterite soil
laterite_soil_46_0_319.jpeg,laterite_soil_01808.jpg,laterite soil
laterite_soil_47_0_9021.jpeg,laterite_soil_01809.jpg,laterite soil
laterite_soil_71_0_9437.jpeg,laterite_soil_01810.jpg,laterite soil
laterite_soil_98_0_8207.jpeg,laterite_soil_01811.jpg,laterite soil
laterite_soil_141_0_1269.jpeg,laterite_soil_01812.jpg,laterite soil
laterite_soil_85_0_8159.jpeg,laterite_soil_01813.jpg,laterite soil
laterite_soil_1_0_5203.jpeg,laterite_soil_01814.jpg,laterite soil
laterite_soil_1_0_8372.jpeg,laterite_soil_01815.jpg,laterite soil
laterite_soil_23_0_8927.jpeg,laterite_soil_01816.jpg,laterite soil
laterite_soil_61_0_4095.jpeg,laterite_soil_01817.jpg,laterite soil
laterite_soil_71_0_9215.jpeg,laterite_soil_01818.jpg,laterite soil
laterite_soil_107_0_7623.jpeg,laterite_soil_01819.jpg,laterite soil
laterite_soil_4_0_7583.jpeg,laterite_soil_01820.jpg,laterite soil
laterite_soil_124_0_1041.jpeg,laterite_soil_01821.jpg,laterite soil
laterite_soil_162_0_8657.jpeg,laterite_soil_01822.jpg,laterite soil
laterite_soil_86_0_8091.jpeg,laterite_soil_01823.jpg,laterite soil
laterite_soil_8_0_2869.jpeg,laterite_soil_01824.jpg,laterite soil
laterite_soil_127_0_5162.jpeg,laterite_soil_01825.jpg,laterite soil
laterite_soil_133_0_3533.jpeg,laterite_soil_01826.jpg,laterite soil
laterite_soil_96_0_5739.jpeg,laterite_soil_01827.jpg,laterite soil
laterite_soil_105_0_3128.jpeg,laterite_soil_01828.jpg,laterite soil
laterite_soil_126_0_9973.jpeg,laterite_soil_01829.jpg,laterite soil
laterite_soil_74_0_1622.jpeg,laterite_soil_01830.jpg,laterite soil
laterite_soil_147_0_1603.jpeg,laterite_soil_01831.jpg,laterite soil
laterite_soil_62_0_1781.jpeg,laterite_soil_01832.jpg,laterite soil
laterite_soil_27_0_4548.jpeg,laterite_soil_01833.jpg,laterite soil
laterite_soil_60_0_426.jpeg,laterite_soil_01834.jpg,laterite soil
laterite_soil_43_0_6870.jpeg,laterite_soil_01835.jpg,laterite soil
laterite_soil_108_0_2826.jpeg,laterite_soil_01836.jpg,laterite soil
laterite_soil_70_0_3908.jpeg,laterite_soil_01837.jpg,laterite soil
laterite_soil_123_0_510.jpeg,laterite_soil_01838.jpg,laterite soil
laterite_soil_83_0_40.jpeg,laterite_soil_01839.jpg,laterite soil
laterite_soil_137_0_4517.jpeg,laterite_soil_01840.jpg,laterite soil
laterite_soil_76_0_4178.jpeg,laterite_soil_01841.jpg,laterite soil
laterite_soil_148_0_9790.jpeg,laterite_soil_01842.jpg,laterite soil
laterite_soil_87_0_4481.jpeg,laterite_soil_01843.jpg,laterite soil
laterite_soil_119_0_9782.jpeg,laterite_soil_01844.jpg,laterite soil
laterite_soil_113_0_2590.jpeg,laterite_soil_01845.jpg,laterite soil
laterite_soil_26_0_8878.jpeg,laterite_soil_01846.jpg,laterite soil
laterite_soil_91_0_6722.jpeg,laterite_soil_01847.jpg,laterite soil
laterite_soil_117_0_9352.jpeg,laterite_soil_01848.jpg,laterite soil
laterite_soil_5_0_6533.jpeg,laterite_soil_01849.jpg,laterite soil
laterite_soil_58_0_5394.jpeg,laterite_soil_01850.jpg,laterite soil
laterite_soil_94_0_4272.jpeg,laterite_soil_01851.jpg,laterite soil
laterite_soil_30_0_1345.jpeg,laterite_soil_01852.jpg,laterite soil
laterite_soil_125_0_2365.jpeg,laterite_soil_01853.jpg,laterite soil
laterite_soil_116_0_9198.jpeg,laterite_soil_01854.jpg,laterite soil
laterite_soil_111_0_3121.jpeg,laterite_soil_01855.jpg,laterite soil
laterite_soil_109_0_2187.jpeg,laterite_soil_01856.jpg,laterite soil
laterite_soil_146_0_8560.jpeg,laterite_soil_01857.jpg,laterite soil
laterite_soil_131_0_2478.jpeg,laterite_soil_01858.jpg,laterite soil
laterite_soil_163_0_8821.jpeg,laterite_soil_01859.jpg,laterite soil
laterite_soil_120_0_7875.jpeg,laterite_soil_01860.jpg,laterite soil
laterite_soil_114_0_3147.jpeg,laterite_soil_01861.jpg,laterite soil
laterite_soil_32_0_864.jpeg,laterite_soil_01862.jpg,laterite soil
laterite_soil_95_0_3917.jpeg,laterite_soil_01863.jpg,laterite soil
laterite_soil_15_0_2551.jpeg,laterite_soil_01864.jpg,laterite soil
laterite_soil_20_0_7593.jpeg,laterite_soil_01865.jpg,laterite soil
laterite_soil_121_0_5000.jpeg,laterite_soil_01866.jpg,laterite soil
laterite_soil_77_0_6801.jpeg,laterite_soil_01867.jpg,laterite soil
laterite_soil_154_0_797.jpeg,laterite_soil_01868.jpg,laterite soil
laterite_soil_146_0_450.jpeg,laterite_soil_01869.jpg,laterite soil
laterite_soil_115_0_3521.jpeg,laterite_soil_01870.jpg,laterite soil
laterite_soil_128_0_5349.jpeg,laterite_soil_01871.jpg,laterite soil
laterite_soil_98_0_9549.jpeg,laterite_soil_01872.jpg,laterite soil
laterite_soil_152_0_7838.jpeg,laterite_soil_01873.jpg,laterite soil
laterite_soil_161_0_3067.jpeg,laterite_soil_01874.jpg,laterite soil
laterite_soil_54_0_8810.jpeg,laterite_soil_01875.jpg,laterite soil
laterite_soil_24_0_3235.jpeg,laterite_soil_01876.jpg,laterite soil
laterite_soil_45_0_4256.jpeg,laterite_soil_01877.jpg,laterite soil
laterite_soil_114_0_596.jpeg,laterite_soil_01878.jpg,laterite soil
laterite_soil_116_0_879.jpeg,laterite_soil_01879.jpg,laterite soil
laterite_soil_65_0_9578.jpeg,laterite_soil_01880.jpg,laterite soil
laterite_soil_71_0_4063.jpeg,laterite_soil_01881.jpg,laterite soil
laterite_soil_138_0_629.jpeg,laterite_soil_01882.jpg,laterite soil
laterite_soil_106_0_4463.jpeg,laterite_soil_01883.jpg,laterite soil
laterite_soil_158_0_5230.jpeg,laterite_soil_01884.jpg,laterite soil
laterite_soil_111_0_8344.jpeg,laterite_soil_01885.jpg,laterite soil
laterite_soil_92_0_4277.jpeg,laterite_soil_01886.jpg,laterite soil
laterite_soil_57_0_1144.jpeg,laterite_soil_01887.jpg,laterite soil
laterite_soil_157_0_1072.jpeg,laterite_soil_01888.jpg,laterite soil
laterite_soil_42_0_3799.jpeg,laterite_soil_01889.jpg,laterite soil
laterite_soil_160_0_6217.jpeg,laterite_soil_01890.jpg,laterite soil
laterite_soil_18_0_9927.jpeg,laterite_soil_01891.jpg,laterite soil
laterite_soil_138_0_1640.jpeg,laterite_soil_01892.jpg,laterite soil
laterite_soil_159_0_4804.jpeg,laterite_soil_01893.jpg,laterite soil
laterite_soil_73_0_7576.jpeg,laterite_soil_01894.jpg,laterite soil
laterite_soil_68_0_8615.jpeg,laterite_soil_01895.jpg,laterite soil
laterite_soil_106_0_4055.jpeg,laterite_soil_01896.jpg,laterite soil
laterite_soil_139_0_7880.jpeg,laterite_soil_01897.jpg,laterite soil
laterite_soil_75_0_6477.jpeg,laterite_soil_01898.jpg,laterite soil
laterite_soil_35_0_3958.jpeg,laterite_soil_01899.jpg,laterite soil
laterite_soil_136_0_9859.jpeg,laterite_soil_01900.jpg,laterite soil
laterite_soil_89_0_1249.jpeg,laterite_soil_01901.jpg,laterite soil
laterite_soil_6_0_7730.jpeg,laterite_soil_01902.jpg,laterite soil
laterite_soil_59_0_3254.jpeg,laterite_soil_01903.jpg,laterite soil
laterite_soil_144_0_1038.jpeg,laterite_soil_01904.jpg,laterite soil
laterite_soil_72_0_2524.jpeg,laterite_soil_01905.jpg,laterite soil
laterite_soil_103_0_1901.jpeg,laterite_soil_01906.jpg,laterite soil
laterite_soil_76_0_4581.jpeg,laterite_soil_01907.jpg,laterite soil
laterite_soil_14_0_3098.jpeg,laterite_soil_01908.jpg,laterite soil
laterite_soil_96_0_251.jpeg,laterite_soil_01909.jpg,laterite soil
laterite_soil_131_0_3896.jpeg,laterite_soil_01910.jpg,laterite soil
laterite_soil_16_0_8859.jpeg,laterite_soil_01911.jpg,laterite soil
laterite_soil_74_0_5042.jpeg,laterite_soil_01912.jpg,laterite soil
laterite_soil_33_0_7017.jpeg,laterite_soil_01913.jpg,laterite soil
laterite_soil_38_0_6397.jpeg,laterite_soil_01914.jpg,laterite soil
laterite_soil_64_0_2750.jpeg,laterite_soil_01915.jpg,laterite soil
laterite_soil_75_0_426.jpeg,laterite_soil_01916.jpg,laterite soil
laterite_soil_141_0_4647.jpeg,laterite_soil_01917.jpg,laterite soil
laterite_soil_150_0_5293.jpeg,laterite_soil_01918.jpg,laterite soil
laterite_soil_151_0_6165.jpeg,laterite_soil_01919.jpg,laterite soil
laterite_soil_105_0_7716.jpeg,laterite_soil_01920.jpg,laterite soil
laterite_soil_88_0_363.jpeg,laterite_soil_01921.jpg,laterite soil
laterite_soil_22_0_794.jpeg,laterite_soil_01922.jpg,laterite soil
laterite_soil_134_0_3742.jpeg,laterite_soil_01923.jpg,laterite soil
laterite_soil_164_0_8820.jpeg,laterite_soil_01924.jpg,laterite soil
laterite_soil_55_0_2074.jpeg,laterite_soil_01925.jpg,laterite soil
laterite_soil_124_0_5821.jpeg,laterite_soil_01926.jpg,laterite soil
laterite_soil_61_0_9858.jpeg,laterite_soil_01927.jpg,laterite soil
laterite_soil_70_0_4653.jpeg,laterite_soil_01928.jpg,laterite soil
laterite_soil_19_0_799.jpeg,laterite_soil_01929.jpg,laterite soil
laterite_soil_124_0_9192.jpeg,laterite_soil_01930.jpg,laterite soil
laterite_soil_100_0_2034.jpeg,laterite_soil_01931.jpg,laterite soil
laterite_soil_71_0_295.jpeg,laterite_soil_01932.jpg,laterite soil
laterite_soil_155_0_4176.jpeg,laterite_soil_01933.jpg,laterite soil
laterite_soil_157_0_1413.jpeg,laterite_soil_01934.jpg,laterite soil
laterite_soil_3_0_8912.jpeg,laterite_soil_01935.jpg,laterite soil
laterite_soil_66_0_9219.jpeg,laterite_soil_01936.jpg,laterite soil
laterite_soil_25_0_1931.jpeg,laterite_soil_01937.jpg,laterite soil
laterite_soil_63_0_8196.jpeg,laterite_soil_01938.jpg,laterite soil
laterite_soil_143_0_4300.jpeg,laterite_soil_01939.jpg,laterite soil
laterite_soil_58_0_3204.jpeg,laterite_soil_01940.jpg,laterite soil
laterite_soil_99_0_3748.jpeg,laterite_soil_01941.jpg,laterite soil
laterite_soil_4_0_8754.jpeg,laterite_soil_01942.jpg,laterite soil
laterite_soil_10_0_3469.jpeg,laterite_soil_01943.jpg,laterite soil
laterite_soil_25_0_1840.jpeg,laterite_soil_01944.jpg,laterite soil
laterite_soil_29_0_6469.jpeg,laterite_soil_01945.jpg,laterite soil
laterite_soil_34_0_5527.jpeg,laterite_soil_01946.jpg,laterite soil
laterite_soil_55_0_1885.jpeg,laterite_soil_01947.jpg,laterite soil
laterite_soil_110_0_3985.jpeg,laterite_soil_01948.jpg,laterite soil
laterite_soil_145_0_2942.jpeg,laterite_soil_01949.jpg,laterite soil
laterite_soil_117_0_7475.jpeg,laterite_soil_01950.jpg,laterite soil
laterite_soil_132_0_9520.jpeg,laterite_soil_01951.jpg,laterite soil
laterite_soil_31_0_9682.jpeg,laterite_soil_01952.jpg,laterite soil
laterite_soil_140_0_1794.jpeg,laterite_soil_01953.jpg,laterite soil
laterite_soil_28_0_2663.jpeg,laterite_soil_01954.jpg,laterite soil
laterite_soil_140_0_7352.jpeg,laterite_soil_01955.jpg,laterite soil
laterite_soil_20_0_4488.jpeg,laterite_soil_01956.jpg,laterite soil
laterite_soil_87_0_4581.jpeg,laterite_soil_01957.jpg,laterite soil
laterite_soil_104_0_3296.jpeg,laterite_soil_01958.jpg,laterite soil
laterite_soil_137_0_4627.jpeg,laterite_soil_01959.jpg,laterite soil
laterite_soil_27_0_5698.jpeg,laterite_soil_01960.jpg,laterite soil
laterite_soil_117_0_334.jpeg,laterite_soil_01961.jpg,laterite soil
laterite_soil_72_0_6635.jpeg,laterite_soil_01962.jpg,laterite soil
laterite_soil_19_0_3010.jpeg,laterite_soil_01963.jpg,laterite soil
laterite_soil_62_0_4907.jpeg,laterite_soil_01964.jpg,laterite soil
laterite_soil_108_0_5565.jpeg,laterite_soil_01965.jpg,laterite soil
laterite_soil_79_0_206.jpeg,laterite_soil_01966.jpg,laterite soil
laterite_soil_56_0_8981.jpeg,laterite_soil_01967.jpg,laterite soil
laterite_soil_111_0_3241.jpeg,laterite_soil_01968.jpg,laterite soil
laterite_soil_54_0_911.jpeg,laterite_soil_01969.jpg,laterite soil
laterite_soil_122_0_6715.jpeg,laterite_soil_01970.jpg,laterite soil
laterite_soil_45_0_6046.jpeg,laterite_soil_01971.jpg,laterite soil
laterite_soil_75_0_5603.jpeg,laterite_soil_01972.jpg,laterite soil
laterite_soil_144_0_5359.jpeg,laterite_soil_01973.jpg,laterite soil
laterite_soil_93_0_6534.jpeg,laterite_soil_01974.jpg,laterite soil
laterite_soil_68_0_9537.jpeg,laterite_soil_01975.jpg,laterite soil
laterite_soil_135_0_4222.jpeg,laterite_soil_01976.jpg,laterite soil
laterite_soil_54_0_2697.jpeg,laterite_soil_01977.jpg,laterite soil
laterite_soil_101_0_9044.jpeg,laterite_soil_01978.jpg,laterite soil
laterite_soil_162_0_7090.jpeg,laterite_soil_01979.jpg,laterite soil
laterite_soil_79_0_9958.jpeg,laterite_soil_01980.jpg,laterite soil
laterite_soil_159_0_896.jpeg,laterite_soil_01981.jpg,laterite soil
laterite_soil_2_0_8021.jpeg,laterite_soil_01982.jpg,laterite soil
laterite_soil_126_0_8247.jpeg,laterite_soil_01983.jpg,laterite soil
laterite_soil_132_0_709.jpeg,laterite_soil_01984.jpg,laterite soil
laterite_soil_114_0_4528.jpeg,laterite_soil_01985.jpg,laterite soil
laterite_soil_139_0_4344.jpeg,laterite_soil_01986.jpg,laterite soil
laterite_soil_128_0_742.jpeg,laterite_soil_01987.jpg,laterite soil
laterite_soil_47_0_578.jpeg,laterite_soil_01988.jpg,laterite soil
laterite_soil_61_0_2730.jpeg,laterite_soil_01989.jpg,laterite soil
laterite_soil_63_0_2642.jpeg,laterite_soil_01990.jpg,laterite soil
laterite_soil_42_0_1001.jpeg,laterite_soil_01991.jpg,laterite soil
laterite_soil_23_0_2337.jpeg,laterite_soil_01992.jpg,laterite soil
laterite_soil_127_0_2243.jpeg,laterite_soil_01993.jpg,laterite soil
laterite_soil_102_0_4866.jpeg,laterite_soil_01994.jpg,laterite soil
laterite_soil_65_0_7119.jpeg,laterite_soil_01995.jpg,laterite soil
laterite_soil_157_0_8786.jpeg,laterite_soil_01996.jpg,laterite soil
laterite_soil_12_0_3427.jpeg,laterite_soil_01997.jpg,laterite soil
laterite_soil_148_0_7442.jpeg,laterite_soil_01998.jpg,laterite soil
laterite_soil_116_0_5900.jpeg,laterite_soil_01999.jpg,laterite soil
laterite_soil_134_0_5312.jpeg,laterite_soil_02000.jpg,laterite soil
laterite_soil_60_0_3634.jpeg,laterite_soil_02001.jpg,laterite soil
laterite_soil_114_0_7149.jpeg,laterite_soil_02002.jpg,laterite soil
laterite_soil_0_0_4308.jpeg,laterite_soil_02003.jpg,laterite soil
laterite_soil_70_0_9561.jpeg,laterite_soil_02004.jpg,laterite soil
laterite_soil_115_0_7524.jpeg,laterite_soil_02005.jpg,laterite soil
laterite_soil_152_0_7533.jpeg,laterite_soil_02006.jpg,laterite soil
laterite_soil_116_0_1295.jpeg,laterite_soil_02007.jpg,laterite soil
laterite_soil_66_0_4403.jpeg,laterite_soil_02008.jpg,laterite soil
laterite_soil_151_0_2730.jpeg,laterite_soil_02009.jpg,laterite soil
laterite_soil_161_0_1355.jpeg,laterite_soil_02010.jpg,laterite soil
laterite_soil_136_0_9853.jpeg,laterite_soil_02011.jpg,laterite soil
laterite_soil_137_0_2910.jpeg,laterite_soil_02012.jpg,laterite soil
laterite_soil_93_0_4717.jpeg,laterite_soil_02013.jpg,laterite soil
laterite_soil_5_0_3147.jpeg,laterite_soil_02014.jpg,laterite soil
laterite_soil_128_0_4644.jpeg,laterite_soil_02015.jpg,laterite soil
laterite_soil_149_0_4428.jpeg,laterite_soil_02016.jpg,laterite soil
laterite_soil_112_0_3029.jpeg,laterite_soil_02017.jpg,laterite soil
laterite_soil_122_0_1738.jpeg,laterite_soil_02018.jpg,laterite soil
laterite_soil_146_0_3259.jpeg,laterite_soil_02019.jpg,laterite soil
laterite_soil_130_0_1178.jpeg,laterite_soil_02020.jpg,laterite soil
laterite_soil_126_0_5093.jpeg,laterite_soil_02021.jpg,laterite soil
laterite_soil_100_0_9028.jpeg,laterite_soil_02022.jpg,laterite soil
laterite_soil_142_0_9052.jpeg,laterite_soil_02023.jpg,laterite soil
laterite_soil_110_0_9683.jpeg,laterite_soil_02024.jpg,laterite soil
laterite_soil_112_0_2009.jpeg,laterite_soil_02025.jpg,laterite soil
laterite_soil_95_0_3841.jpeg,laterite_soil_02026.jpg,laterite soil
laterite_soil_40_0_6991.jpeg,laterite_soil_02027.jpg,laterite soil
laterite_soil_123_0_5463.jpeg,laterite_soil_02028.jpg,laterite soil
laterite_soil_29_0_6168.jpeg,laterite_soil_02029.jpg,laterite soil
laterite_soil_149_0_3300.jpeg,laterite_soil_02030.jpg,laterite soil
laterite_soil_120_0_177.jpeg,laterite_soil_02031.jpg,laterite soil
laterite_soil_10_0_4563.jpeg,laterite_soil_02032.jpg,laterite soil
laterite_soil_118_0_5483.jpeg,laterite_soil_02033.jpg,laterite soil
laterite_soil_115_0_9592.jpeg,laterite_soil_02034.jpg,laterite soil
laterite_soil_122_0_336.jpeg,laterite_soil_02035.jpg,laterite soil
laterite_soil_113_0_2923.jpeg,laterite_soil_02036.jpg,laterite soil
laterite_soil_106_0_2512.jpeg,laterite_soil_02037.jpg,laterite soil
laterite_soil_115_0_9780.jpeg,laterite_soil_02038.jpg,laterite soil
laterite_soil_131_0_8545.jpeg,laterite_soil_02039.jpg,laterite soil
laterite_soil_97_0_9697.jpeg,laterite_soil_02040.jpg,laterite soil
laterite_soil_49_0_9715.jpeg,laterite_soil_02041.jpg,laterite soil
laterite_soil_148_0_9251.jpeg,laterite_soil_02042.jpg,laterite soil
laterite_soil_151_0_9005.jpeg,laterite_soil_02043.jpg,laterite soil
laterite_soil_81_0_7648.jpeg,laterite_soil_02044.jpg,laterite soil
laterite_soil_51_0_160.jpeg,laterite_soil_02045.jpg,laterite soil
laterite_soil_152_0_4870.jpeg,laterite_soil_02046.jpg,laterite soil
laterite_soil_21_0_6061.jpeg,laterite_soil_02047.jpg,laterite soil
laterite_soil_143_0_8131.jpeg,laterite_soil_02048.jpg,laterite soil
laterite_soil_142_0_8910.jpeg,laterite_soil_02049.jpg,laterite soil
laterite_soil_44_0_4408.jpeg,laterite_soil_02050.jpg,laterite soil
laterite_soil_151_0_2058.jpeg,laterite_soil_02051.jpg,laterite soil
laterite_soil_148_0_9052.jpeg,laterite_soil_02052.jpg,laterite soil
laterite_soil_134_0_2368.jpeg,laterite_soil_02053.jpg,laterite soil
laterite_soil_59_0_8501.jpeg,laterite_soil_02054.jpg,laterite soil
laterite_soil_132_0_1301.jpeg,laterite_soil_02055.jpg,laterite soil
laterite_soil_158_0_6081.jpeg,laterite_soil_02056.jpg,laterite soil
laterite_soil_155_0_3083.jpeg,laterite_soil_02057.jpg,laterite soil
laterite_soil_80_0_721.jpeg,laterite_soil_02058.jpg,laterite soil
laterite_soil_74_0_3332.jpeg,laterite_soil_02059.jpg,laterite soil
laterite_soil_135_0_8422.jpeg,laterite_soil_02060.jpg,laterite soil
laterite_soil_55_0_2817.jpeg,laterite_soil_02061.jpg,laterite soil
laterite_soil_74_0_1816.jpeg,laterite_soil_02062.jpg,laterite soil
laterite_soil_34_0_3119.jpeg,laterite_soil_02063.jpg,laterite soil
laterite_soil_124_0_8258.jpeg,laterite_soil_02064.jpg,laterite soil
laterite_soil_86_0_6064.jpeg,laterite_soil_02065.jpg,laterite soil
laterite_soil_41_0_7264.jpeg,laterite_soil_02066.jpg,laterite soil
laterite_soil_133_0_2306.jpeg,laterite_soil_02067.jpg,laterite soil
laterite_soil_104_0_2368.jpeg,laterite_soil_02068.jpg,laterite soil
laterite_soil_16_0_4346.jpeg,laterite_soil_02069.jpg,laterite soil
laterite_soil_121_0_6893.jpeg,laterite_soil_02070.jpg,laterite soil
laterite_soil_123_0_6779.jpeg,laterite_soil_02071.jpg,laterite soil
laterite_soil_164_0_1199.jpeg,laterite_soil_02072.jpg,laterite soil
laterite_soil_103_0_5649.jpeg,laterite_soil_02073.jpg,laterite soil
laterite_soil_94_0_9020.jpeg,laterite_soil_02074.jpg,laterite soil
laterite_soil_134_0_9107.jpeg,laterite_soil_02075.jpg,laterite soil
laterite_soil_141_0_8635.jpeg,laterite_soil_02076.jpg,laterite soil
laterite_soil_150_0_1628.jpeg,laterite_soil_02077.jpg,laterite soil
laterite_soil_69_0_107.jpeg,laterite_soil_02078.jpg,laterite soil
laterite_soil_139_0_280.jpeg,laterite_soil_02079.jpg,laterite soil
laterite_soil_26_0_9839.jpeg,laterite_soil_02080.jpg,laterite soil
laterite_soil_162_0_4083.jpeg,laterite_soil_02081.jpg,laterite soil
laterite_soil_144_0_9812.jpeg,laterite_soil_02082.jpg,laterite soil
laterite_soil_112_0_4916.jpeg,laterite_soil_02083.jpg,laterite soil
laterite_soil_12_0_6428.jpeg,laterite_soil_02084.jpg,laterite soil
laterite_soil_57_0_5411.jpeg,laterite_soil_02085.jpg,laterite soil
laterite_soil_105_0_7156.jpeg,laterite_soil_02086.jpg,laterite soil
laterite_soil_33_0_7496.jpeg,laterite_soil_02087.jpg,laterite soil
laterite_soil_77_0_1730.jpeg,laterite_soil_02088.jpg,laterite soil
laterite_soil_112_0_7794.jpeg,laterite_soil_02089.jpg,laterite soil
laterite_soil_137_0_8305.jpeg,laterite_soil_02090.jpg,laterite soil
laterite_soil_28_0_6432.jpeg,laterite_soil_02091.jpg,laterite soil
laterite_soil_48_0_6583.jpeg,laterite_soil_02092.jpg,laterite soil
laterite_soil_17_0_5098.jpeg,laterite_soil_02093.jpg,laterite soil
laterite_soil_159_0_6827.jpeg,laterite_soil_02094.jpg,laterite soil
laterite_soil_150_0_2145.jpeg,laterite_soil_02095.jpg,laterite soil
laterite_soil_156_0_9267.jpeg,laterite_soil_02096.jpg,laterite soil
laterite_soil_93_0_5368.jpeg,laterite_soil_02097.jpg,laterite soil
laterite_soil_97_0_921.jpeg,laterite_soil_02098.jpg,laterite soil
laterite_soil_111_0_8365.jpeg,laterite_soil_02099.jpg,laterite soil
laterite_soil_88_0_6060.jpeg,laterite_soil_02100.jpg,laterite soil
laterite_soil_102_0_9391.jpeg,laterite_soil_02101.jpg,laterite soil
laterite_soil_56_0_5241.jpeg,laterite_soil_02102.jpg,laterite soil
laterite_soil_96_0_5466.jpeg,laterite_soil_02103.jpg,laterite soil
laterite_soil_146_0_9549.jpeg,laterite_soil_02104.jpg,laterite soil
laterite_soil_64_0_6145.jpeg,laterite_soil_02105.jpg,laterite soil
laterite_soil_130_0_5895.jpeg,laterite_soil_02106.jpg,laterite soil
laterite_soil_6_0_4695.jpeg,laterite_soil_02107.jpg,laterite soil
laterite_soil_96_0_2759.jpeg,laterite_soil_02108.jpg,laterite soil
laterite_soil_125_0_6038.jpeg,laterite_soil_02109.jpg,laterite soil
laterite_soil_130_0_2477.jpeg,laterite_soil_02110.jpg,laterite soil
laterite_soil_155_0_1111.jpeg,laterite_soil_02111.jpg,laterite soil
laterite_soil_142_0_6622.jpeg,laterite_soil_02112.jpg,laterite soil
laterite_soil_128_0_213.jpeg,laterite_soil_02113.jpg,laterite soil
laterite_soil_120_0_3452.jpeg,laterite_soil_02114.jpg,laterite soil
laterite_soil_123_0_9997.jpeg,laterite_soil_02115.jpg,laterite soil
laterite_soil_26_0_2828.jpeg,laterite_soil_02116.jpg,laterite soil
laterite_soil_44_0_323.jpeg,laterite_soil_02117.jpg,laterite soil
laterite_soil_150_0_7065.jpeg,laterite_soil_02118.jpg,laterite soil
laterite_soil_62_0_5186.jpeg,laterite_soil_02119.jpg,laterite soil
laterite_soil_103_0_13.jpeg,laterite_soil_02120.jpg,laterite soil
laterite_soil_72_0_1559.jpeg,laterite_soil_02121.jpg,laterite soil
laterite_soil_149_0_7814.jpeg,laterite_soil_02122.jpg,laterite soil
laterite_soil_161_0_6654.jpeg,laterite_soil_02123.jpg,laterite soil
laterite_soil_139_0_625.jpeg,laterite_soil_02124.jpg,laterite soil
laterite_soil_103_0_9386.jpeg,laterite_soil_02125.jpg,laterite soil
laterite_soil_136_0_9163.jpeg,laterite_soil_02126.jpg,laterite soil
laterite_soil_122_0_6201.jpeg,laterite_soil_02127.jpg,laterite soil
laterite_soil_119_0_5616.jpeg,laterite_soil_02128.jpg,laterite soil
laterite_soil_27_0_661.jpeg,laterite_soil_02129.jpg,laterite soil
laterite_soil_126_0_245.jpeg,laterite_soil_02130.jpg,laterite soil
laterite_soil_62_0_4423.jpeg,laterite_soil_02131.jpg,laterite soil
laterite_soil_135_0_7665.jpeg,laterite_soil_02132.jpg,laterite soil
laterite_soil_109_0_2628.jpeg,laterite_soil_02133.jpg,laterite soil
laterite_soil_90_0_4713.jpeg,laterite_soil_02134.jpg,laterite soil
laterite_soil_144_0_9781.jpeg,laterite_soil_02135.jpg,laterite soil
laterite_soil_25_0_4293.jpeg,laterite_soil_02136.jpg,laterite soil
laterite_soil_125_0_6694.jpeg,laterite_soil_02137.jpg,laterite soil
laterite_soil_92_0_8370.jpeg,laterite_soil_02138.jpg,laterite soil
laterite_soil_11_0_7044.jpeg,laterite_soil_02139.jpg,laterite soil
laterite_soil_51_0_8393.jpeg,laterite_soil_02140.jpg,laterite soil
laterite_soil_2_0_4068.jpeg,laterite_soil_02141.jpg,laterite soil
laterite_soil_104_0_5254.jpeg,laterite_soil_02142.jpg,laterite soil
laterite_soil_80_0_8931.jpeg,laterite_soil_02143.jpg,laterite soil
laterite_soil_159_0_9521.jpeg,laterite_soil_02144.jpg,laterite soil
laterite_soil_143_0_2315.jpeg,laterite_soil_02145.jpg,laterite soil
laterite_soil_84_0_408.jpeg,laterite_soil_02146.jpg,laterite soil
laterite_soil_18_0_4138.jpeg,laterite_soil_02147.jpg,laterite soil
laterite_soil_91_0_1536.jpeg,laterite_soil_02148.jpg,laterite soil
laterite_soil_83_0_1336.jpeg,laterite_soil_02149.jpg,laterite soil
laterite_soil_93_0_1164.jpeg,laterite_soil_02150.jpg,laterite soil
laterite_soil_104_0_532.jpeg,laterite_soil_02151.jpg,laterite soil
laterite_soil_108_0_4335.jpeg,laterite_soil_02152.jpg,laterite soil
laterite_soil_145_0_9780.jpeg,laterite_soil_02153.jpg,laterite soil
laterite_soil_67_0_2485.jpeg,laterite_soil_02154.jpg,laterite soil
laterite_soil_9_0_7392.jpeg,laterite_soil_02155.jpg,laterite soil
laterite_soil_59_0_4973.jpeg,laterite_soil_02156.jpg,laterite soil
laterite_soil_41_0_8878.jpeg,laterite_soil_02157.jpg,laterite soil
laterite_soil_117_0_2928.jpeg,laterite_soil_02158.jpg,laterite soil
laterite_soil_60_0_3470.jpeg,laterite_soil_02159.jpg,laterite soil
laterite_soil_132_0_7095.jpeg,laterite_soil_02160.jpg,laterite soil
laterite_soil_89_0_8161.jpeg,laterite_soil_02161.jpg,laterite soil
laterite_soil_73_0_6926.jpeg,laterite_soil_02162.jpg,laterite soil
laterite_soil_145_0_2114.jpeg,laterite_soil_02163.jpg,laterite soil
laterite_soil_95_0_8162.jpeg,laterite_soil_02164.jpg,laterite soil
laterite_soil_109_0_3474.jpeg,laterite_soil_02165.jpg,laterite soil
laterite_soil_43_0_7217.jpeg,laterite_soil_02166.jpg,laterite soil
laterite_soil_142_0_4936.jpeg,laterite_soil_02167.jpg,laterite soil
laterite_soil_53_0_6980.jpeg,laterite_soil_02168.jpg,laterite soil
laterite_soil_35_0_7816.jpeg,laterite_soil_02169.jpg,laterite soil
laterite_soil_113_0_4276.jpeg,laterite_soil_02170.jpg,laterite soil
laterite_soil_147_0_3426.jpeg,laterite_soil_02171.jpg,laterite soil
laterite_soil_156_0_589.jpeg,laterite_soil_02172.jpg,laterite soil
laterite_soil_32_0_2739.jpeg,laterite_soil_02173.jpg,laterite soil
laterite_soil_49_0_7810.jpeg,laterite_soil_02174.jpg,laterite soil
laterite_soil_164_0_124.jpeg,laterite_soil_02175.jpg,laterite soil
laterite_soil_153_0_8420.jpeg,laterite_soil_02176.jpg,laterite soil
laterite_soil_52_0_6659.jpeg,laterite_soil_02177.jpg,laterite soil
laterite_soil_15_0_565.jpeg,laterite_soil_02178.jpg,laterite soil
laterite_soil_52_0_6042.jpeg,laterite_soil_02179.jpg,laterite soil
laterite_soil_138_0_6605.jpeg,laterite_soil_02180.jpg,laterite soil
laterite_soil_73_0_7721.jpeg,laterite_soil_02181.jpg,laterite soil
laterite_soil_120_0_7102.jpeg,laterite_soil_02182.jpg,laterite soil
laterite_soil_160_0_5891.jpeg,laterite_soil_02183.jpg,laterite soil
laterite_soil_17_0_4776.jpeg,laterite_soil_02184.jpg,laterite soil
laterite_soil_106_0_5519.jpeg,laterite_soil_02185.jpg,laterite soil
laterite_soil_9_0_8314.jpeg,laterite_soil_02186.jpg,laterite soil
laterite_soil_135_0_6689.jpeg,laterite_soil_02187.jpg,laterite soil
laterite_soil_56_0_630.jpeg,laterite_soil_02188.jpg,laterite soil
laterite_soil_81_0_6323.jpeg,laterite_soil_02189.jpg,laterite soil
laterite_soil_110_0_379.jpeg,laterite_soil_02190.jpg,laterite soil
laterite_soil_153_0_2009.jpeg,laterite_soil_02191.jpg,laterite soil
laterite_soil_37_0_791.jpeg,laterite_soil_02192.jpg,laterite soil
laterite_soil_0_0_2388.jpeg,laterite_soil_02193.jpg,laterite soil
laterite_soil_133_0_6439.jpeg,laterite_soil_02194.jpg,laterite soil
laterite_soil_39_0_4605.jpeg,laterite_soil_02195.jpg,laterite soil
laterite_soil_99_0_280.jpeg,laterite_soil_02196.jpg,laterite soil
laterite_soil_156_0_6279.jpeg,laterite_soil_02197.jpg,laterite soil
laterite_soil_8_0_8179.jpeg,laterite_soil_02198.jpg,laterite soil
laterite_soil_24_0_9405.jpeg,laterite_soil_02199.jpg,laterite soil
laterite_soil_140_0_6022.jpeg,laterite_soil_02200.jpg,laterite soil
laterite_soil_31_0_2740.jpeg,laterite_soil_02201.jpg,laterite soil
laterite_soil_56_0_8286.jpeg,laterite_soil_02202.jpg,laterite soil
laterite_soil_50_0_3831.jpeg,laterite_soil_02203.jpg,laterite soil
laterite_soil_161_0_1100.jpeg,laterite_soil_02204.jpg,laterite soil
laterite_soil_160_0_7545.jpeg,laterite_soil_02205.jpg,laterite soil
laterite_soil_118_0_2622.jpeg,laterite_soil_02206.jpg,laterite soil
laterite_soil_118_0_5468.jpeg,laterite_soil_02207.jpg,laterite soil
laterite_soil_11_0_6458.jpeg,laterite_soil_02208.jpg,laterite soil
laterite_soil_60_0_5551.jpeg,laterite_soil_02209.jpg,laterite soil
laterite_soil_107_0_7837.jpeg,laterite_soil_02210.jpg,laterite soil
laterite_soil_160_0_8181.jpeg,laterite_soil_02211.jpg,laterite soil
laterite_soil_105_0_5380.jpeg,laterite_soil_02212.jpg,laterite soil
laterite_soil_21_0_2887.jpeg,laterite_soil_02213.jpg,laterite soil
laterite_soil_39_0_5292.jpeg,laterite_soil_02214.jpg,laterite soil
laterite_soil_14_0_2930.jpeg,laterite_soil_02215.jpg,laterite soil
laterite_soil_140_0_8407.jpeg,laterite_soil_02216.jpg,laterite soil
laterite_soil_30_0_2313.jpeg,laterite_soil_02217.jpg,laterite soil
laterite_soil_69_0_2905.jpeg,laterite_soil_02218.jpg,laterite soil
laterite_soil_163_0_5538.jpeg,laterite_soil_02219.jpg,laterite soil
laterite_soil_141_0_7159.jpeg,laterite_soil_02220.jpg,laterite soil
laterite_soil_119_0_9983.jpeg,laterite_soil_02221.jpg,laterite soil
laterite_soil_127_0_179.jpeg,laterite_soil_02222.jpg,laterite soil
laterite_soil_138_0_2381.jpeg,laterite_soil_02223.jpg,laterite soil
laterite_soil_121_0_1914.jpeg,laterite_soil_02224.jpg,laterite soil
laterite_soil_153_0_7838.jpeg,laterite_soil_02225.jpg,laterite soil
laterite_soil_131_0_8691.jpeg,laterite_soil_02226.jpg,laterite soil
laterite_soil_61_0_7413.jpeg,laterite_soil_02227.jpg,laterite soil
laterite_soil_82_0_3720.jpeg,laterite_soil_02228.jpg,laterite soil
laterite_soil_152_0_6674.jpeg,laterite_soil_02229.jpg,laterite soil
laterite_soil_82_0_1406.jpeg,laterite_soil_02230.jpg,laterite soil
laterite_soil_162_0_8344.jpeg,laterite_soil_02231.jpg,laterite soil
laterite_soil_129_0_8951.jpeg,laterite_soil_02232.jpg,laterite soil
laterite_soil_24_0_840.jpeg,laterite_soil_02233.jpg,laterite soil
laterite_soil_75_0_2598.jpeg,laterite_soil_02234.jpg,laterite soil
laterite_soil_145_0_8408.jpeg,laterite_soil_02235.jpg,laterite soil
laterite_soil_154_0_2304.jpeg,laterite_soil_02236.jpg,laterite soil
laterite_soil_121_0_8669.jpeg,laterite_soil_02237.jpg,laterite soil
laterite_soil_40_0_8314.jpeg,laterite_soil_02238.jpg,laterite soil
laterite_soil_78_0_9699.jpeg,laterite_soil_02239.jpg,laterite soil
laterite_soil_119_0_1484.jpeg,laterite_soil_02240.jpg,laterite soil
laterite_soil_157_0_5643.jpeg,laterite_soil_02241.jpg,laterite soil
laterite_soil_125_0_9132.jpeg,laterite_soil_02242.jpg,laterite soil
laterite_soil_102_0_8530.jpeg,laterite_soil_02243.jpg,laterite soil
laterite_soil_25_0_5466.jpeg,laterite_soil_02244.jpg,laterite soil
laterite_soil_50_0_9865.jpeg,laterite_soil_02245.jpg,laterite soil
laterite_soil_57_0_5397.jpeg,laterite_soil_02246.jpg,laterite soil
laterite_soil_163_0_5385.jpeg,laterite_soil_02247.jpg,laterite soil
laterite_soil_118_0_8255.jpeg,laterite_soil_02248.jpg,laterite soil
laterite_soil_158_0_5143.jpeg,laterite_soil_02249.jpg,laterite soil
laterite_soil_94_0_739.jpeg,laterite_soil_02250.jpg,laterite soil
laterite_soil_55_0_9238.jpeg,laterite_soil_02251.jpg,laterite soil
laterite_soil_36_0_4999.jpeg,laterite_soil_02252.jpg,laterite soil
laterite_soil_133_0_2987.jpeg,laterite_soil_02253.jpg,laterite soil
laterite_soil_7_0_2954.jpeg,laterite_soil_02254.jpg,laterite soil
laterite_soil_59_0_2089.jpeg,laterite_soil_02255.jpg,laterite soil
laterite_soil_136_0_2388.jpeg,laterite_soil_02256.jpg,laterite soil
laterite_soil_107_0_874.jpeg,laterite_soil_02257.jpg,laterite soil
laterite_soil_3_0_4312.jpeg,laterite_soil_02258.jpg,laterite soil
laterite_soil_63_0_2585.jpeg,laterite_soil_02259.jpg,laterite soil
laterite_soil_164_0_4863.jpeg,laterite_soil_02260.jpg,laterite soil
laterite_soil_70_0_4682.jpeg,laterite_soil_02261.jpg,laterite soil
laterite_soil_13_0_3914.jpeg,laterite_soil_02262.jpg,laterite soil
laterite_soil_53_0_8922.jpeg,laterite_soil_02263.jpg,laterite soil
laterite_soil_13_0_6226.jpeg,laterite_soil_02264.jpg,laterite soil
laterite_soil_149_0_9497.jpeg,laterite_soil_02265.jpg,laterite soil
laterite_soil_108_0_4727.jpeg,laterite_soil_02266.jpg,laterite soil
laterite_soil_26_0_2713.jpeg,laterite_soil_02267.jpg,laterite soil
laterite_soil_154_0_9822.jpeg,laterite_soil_02268.jpg,laterite soil
laterite_soil_127_0_1536.jpeg,laterite_soil_02269.jpg,laterite soil
laterite_soil_101_0_6099.jpeg,laterite_soil_02270.jpg,laterite soil
laterite_soil_46_0_3298.jpeg,laterite_soil_02271.jpg,laterite soil
laterite_soil_7_0_5556.jpeg,laterite_soil_02272.jpg,laterite soil
laterite_soil_73_0_3930.jpeg,laterite_soil_02273.jpg,laterite soil
laterite_soil_153_0_1453.jpeg,laterite_soil_02274.jpg,laterite soil
laterite_soil_36_0_9367.jpeg,laterite_soil_02275.jpg,laterite soil
laterite_soil_147_0_702.jpeg,laterite_soil_02276.jpg,laterite soil
laterite_soil_94_0_3628.jpeg,laterite_soil_02277.jpg,laterite soil
laterite_soil_156_0_3969.jpeg,laterite_soil_02278.jpg,laterite soil
laterite_soil_58_0_2156.jpeg,laterite_soil_02279.jpg,laterite soil
laterite_soil_38_0_7248.jpeg,laterite_soil_02280.jpg,laterite soil
laterite_soil_107_0_2797.jpeg,laterite_soil_02281.jpg,laterite soil
laterite_soil_22_0_2329.jpeg,laterite_soil_02282.jpg,laterite soil
laterite_soil_37_0_2947.jpeg,laterite_soil_02283.jpg,laterite soil
laterite_soil_58_0_3130.jpeg,laterite_soil_02284.jpg,laterite soil
laterite_soil_129_0_6471.jpeg,laterite_soil_02285.jpg,laterite soil
laterite_soil_113_0_7365.jpeg,laterite_soil_02286.jpg,laterite soil
laterite_soil_109_0_7543.jpeg,laterite_soil_02287.jpg,laterite soil
laterite_soil_154_0_814.jpeg,laterite_soil_02288.jpg,laterite soil
laterite_soil_72_0_3662.jpeg,laterite_soil_02289.jpg,laterite soil
laterite_soil_95_0_2556.jpeg,laterite_soil_02290.jpg,laterite soil
laterite_soil_78_0_1075.jpeg,laterite_soil_02291.jpg,laterite soil
laterite_soil_85_0_7033.jpeg,laterite_soil_02292.jpg,laterite soil
laterite_soil_110_0_8309.jpeg,laterite_soil_02293.jpg,laterite soil
laterite_soil_147_0_4368.jpeg,laterite_soil_02294.jpg,laterite soil
laterite_soil_143_0_2061.jpeg,laterite_soil_02295.jpg,laterite soil
laterite_soil_24_0_2992.jpeg,laterite_soil_02296.jpg,laterite soil
laterite_soil_158_0_8920.jpeg,laterite_soil_02297.jpg,laterite soil
laterite_soil_129_0_3566.jpeg,laterite_soil_02298.jpg,laterite soil
laterite_soil_54_0_8958.jpeg,laterite_soil_02299.jpg,laterite soil
laterite_soil_155_0_9916.jpeg,laterite_soil_02300.jpg,laterite soil
laterite_soil_130_0_8663.jpeg,laterite_soil_02301.jpg,laterite soil
laterite_soil_84_0_3124.jpeg,laterite_soil_02302.jpg,laterite soil
laterite_soil_90_0_1413.jpeg,laterite_soil_02303.jpg,laterite soil
laterite_soil_48_0_9746.jpeg,laterite_soil_02304.jpg,laterite soil
laterite_soil_67_0_6717.jpeg,laterite_soil_02305.jpg,laterite soil
alluvial_soil_69_0_860.jpeg,alluvial_soil_02306.jpg,alluvial soil
alluvial_soil_21_0_6618.jpeg,alluvial_soil_02307.jpg,alluvial soil
alluvial_soil_21_0_2043.jpeg,alluvial_soil_02308.jpg,alluvial soil
alluvial_soil_150_0_6352.jpeg,alluvial_soil_02309.jpg,alluvial soil
alluvial_soil_140_0_2596.jpeg,alluvial_soil_02310.jpg,alluvial soil
alluvial_soil_91_0_7743.jpeg,alluvial_soil_02311.jpg,alluvial soil
alluvial_soil_85_0_414.jpeg,alluvial_soil_02312.jpg,alluvial soil
alluvial_soil_61_0_1119.jpeg,alluvial_soil_02313.jpg,alluvial soil
alluvial_soil_24_0_1239.jpeg,alluvial_soil_02314.jpg,alluvial soil
alluvial_soil_158_0_7387.jpeg,alluvial_soil_02315.jpg,alluvial soil
alluvial_soil_53_0_1806.jpeg,alluvial_soil_02316.jpg,alluvial soil
alluvial_soil_78_0_8851.jpeg,alluvial_soil_02317.jpg,alluvial soil
alluvial_soil_0_0_4374.jpeg,alluvial_soil_02318.jpg,alluvial soil
alluvial_soil_26_0_3236.jpeg,alluvial_soil_02319.jpg,alluvial soil
alluvial_soil_158_0_5845.jpeg,alluvial_soil_02320.jpg,alluvial soil
alluvial_soil_151_0_1709.jpeg,alluvial_soil_02321.jpg,alluvial soil
alluvial_soil_81_0_9932.jpeg,alluvial_soil_02322.jpg,alluvial soil
alluvial_soil_64_0_3506.jpeg,alluvial_soil_02323.jpg,alluvial soil
alluvial_soil_125_0_2202.jpeg,alluvial_soil_02324.jpg,alluvial soil
alluvial_soil_77_0_9385.jpeg,alluvial_soil_02325.jpg,alluvial soil
alluvial_soil_146_0_6474.jpeg,alluvial_soil_02326.jpg,alluvial soil
alluvial_soil_159_0_8506.jpeg,alluvial_soil_02327.jpg,alluvial soil
alluvial_soil_37_0_5166.jpeg,alluvial_soil_02328.jpg,alluvial soil
alluvial_soil_18_0_5237.jpeg,alluvial_soil_02329.jpg,alluvial soil
alluvial_soil_62_0_8598.jpeg,alluvial_soil_02330.jpg,alluvial soil
alluvial_soil_41_0_852.jpeg,alluvial_soil_02331.jpg,alluvial soil
alluvial_soil_44_0_8205.jpeg,alluvial_soil_02332.jpg,alluvial soil
alluvial_soil_95_0_3080.jpeg,alluvial_soil_02333.jpg,alluvial soil
alluvial_soil_147_0_8533.jpeg,alluvial_soil_02334.jpg,alluvial soil
alluvial_soil_38_0_9204.jpeg,alluvial_soil_02335.jpg,alluvial soil
alluvial_soil_129_0_2684.jpeg,alluvial_soil_02336.jpg,alluvial soil
alluvial_soil_82_0_3.jpeg,alluvial_soil_02337.jpg,alluvial soil
alluvial_soil_164_0_2087.jpeg,alluvial_soil_02338.jpg,alluvial soil
alluvial_soil_132_0_5092.jpeg,alluvial_soil_02339.jpg,alluvial soil
alluvial_soil_135_0_4050.jpeg,alluvial_soil_02340.jpg,alluvial soil
alluvial_soil_136_0_8900.jpeg,alluvial_soil_02341.jpg,alluvial soil
alluvial_soil_19_0_5222.jpeg,alluvial_soil_02342.jpg,alluvial soil
alluvial_soil_38_0_246.jpeg,alluvial_soil_02343.jpg,alluvial soil
alluvial_soil_14_0_6618.jpeg,alluvial_soil_02344.jpg,alluvial soil
alluvial_soil_113_0_6216.jpeg,alluvial_soil_02345.jpg,alluvial soil
alluvial_soil_155_0_1660.jpeg,alluvial_soil_02346.jpg,alluvial soil
alluvial_soil_163_0_9096.jpeg,alluvial_soil_02347.jpg,alluvial soil
alluvial_soil_154_0_217.jpeg,alluvial_soil_02348.jpg,alluvial soil
alluvial_soil_34_0_8292.jpeg,alluvial_soil_02349.jpg,alluvial soil
alluvial_soil_131_0_9468.jpeg,alluvial_soil_02350.jpg,alluvial soil
alluvial_soil_20_0_6378.jpeg,alluvial_soil_02351.jpg,alluvial soil
alluvial_soil_45_0_6329.jpeg,alluvial_soil_02352.jpg,alluvial soil
alluvial_soil_74_0_9568.jpeg,alluvial_soil_02353.jpg,alluvial soil
alluvial_soil_14_0_8965.jpeg,alluvial_soil_02354.jpg,alluvial soil
alluvial_soil_151_0_4188.jpeg,alluvial_soil_02355.jpg,alluvial soil
alluvial_soil_96_0_2241.jpeg,alluvial_soil_02356.jpg,alluvial soil
alluvial_soil_43_0_3528.jpeg,alluvial_soil_02357.jpg,alluvial soil
alluvial_soil_1_0_3655.jpeg,alluvial_soil_02358.jpg,alluvial soil
alluvial_soil_83_0_7651.jpeg,alluvial_soil_02359.jpg,alluvial soil
alluvial_soil_81_0_9034.jpeg,alluvial_soil_02360.jpg,alluvial soil
alluvial_soil_149_0_3607.jpeg,alluvial_soil_02361.jpg,alluvial soil
alluvial_soil_123_0_7048.jpeg,alluvial_soil_02362.jpg,alluvial soil
alluvial_soil_25_0_2883.jpeg,alluvial_soil_02363.jpg,alluvial soil
alluvial_soil_104_0_9870.jpeg,alluvial_soil_02364.jpg,alluvial soil
alluvial_soil_157_0_4721.jpeg,alluvial_soil_02365.jpg,alluvial soil
alluvial_soil_133_0_3023.jpeg,alluvial_soil_02366.jpg,alluvial soil
alluvial_soil_120_0_5969.jpeg,alluvial_soil_02367.jpg,alluvial soil
alluvial_soil_124_0_2905.jpeg,alluvial_soil_02368.jpg,alluvial soil
alluvial_soil_34_0_320.jpeg,alluvial_soil_02369.jpg,alluvial soil
alluvial_soil_73_0_4827.jpeg,alluvial_soil_02370.jpg,alluvial soil
alluvial_soil_157_0_4337.jpeg,alluvial_soil_02371.jpg,alluvial soil
alluvial_soil_95_0_5873.jpeg,alluvial_soil_02372.jpg,alluvial soil
alluvial_soil_28_0_8922.jpeg,alluvial_soil_02373.jpg,alluvial soil
alluvial_soil_34_0_2773.jpeg,alluvial_soil_02374.jpg,alluvial soil
alluvial_soil_121_0_6971.jpeg,alluvial_soil_02375.jpg,alluvial soil
alluvial_soil_125_0_742.jpeg,alluvial_soil_02376.jpg,alluvial soil
alluvial_soil_150_0_9344.jpeg,alluvial_soil_02377.jpg,alluvial soil
alluvial_soil_36_0_1905.jpeg,alluvial_soil_02378.jpg,alluvial soil
alluvial_soil_27_0_5187.jpeg,alluvial_soil_02379.jpg,alluvial soil
alluvial_soil_2_0_7700.jpeg,alluvial_soil_02380.jpg,alluvial soil
alluvial_soil_138_0_1832.jpeg,alluvial_soil_02381.jpg,alluvial soil
alluvial_soil_160_0_1885.jpeg,alluvial_soil_02382.jpg,alluvial soil
alluvial_soil_5_0_8568.jpeg,alluvial_soil_02383.jpg,alluvial soil
alluvial_soil_49_0_8179.jpeg,alluvial_soil_02384.jpg,alluvial soil
alluvial_soil_6_0_3923.jpeg,alluvial_soil_02385.jpg,alluvial soil
alluvial_soil_89_0_9680.jpeg,alluvial_soil_02386.jpg,alluvial soil
alluvial_soil_92_0_365.jpeg,alluvial_soil_02387.jpg,alluvial soil
alluvial_soil_130_0_3336.jpeg,alluvial_soil_02388.jpg,alluvial soil
alluvial_soil_26_0_780.jpeg,alluvial_soil_02389.jpg,alluvial soil
alluvial_soil_120_0_246.jpeg,alluvial_soil_02390.jpg,alluvial soil
alluvial_soil_76_0_2113.jpeg,alluvial_soil_02391.jpg,alluvial soil
alluvial_soil_160_0_4607.jpeg,alluvial_soil_02392.jpg,alluvial soil
alluvial_soil_125_0_7117.jpeg,alluvial_soil_02393.jpg,alluvial soil
alluvial_soil_65_0_4238.jpeg,alluvial_soil_02394.jpg,alluvial soil
alluvial_soil_33_0_1727.jpeg,alluvial_soil_02395.jpg,alluvial soil
alluvial_soil_7_0_4226.jpeg,alluvial_soil_02396.jpg,alluvial soil
alluvial_soil_72_0_9947.jpeg,alluvial_soil_02397.jpg,alluvial soil
alluvial_soil_39_0_5512.jpeg,alluvial_soil_02398.jpg,alluvial soil
alluvial_soil_143_0_3719.jpeg,alluvial_soil_02399.jpg,alluvial soil
alluvial_soil_92_0_9157.jpeg,alluvial_soil_02400.jpg,alluvial soil
alluvial_soil_32_0_7491.jpeg,alluvial_soil_02401.jpg,alluvial soil
alluvial_soil_116_0_7586.jpeg,alluvial_soil_02402.jpg,alluvial soil
alluvial_soil_132_0_5650.jpeg,alluvial_soil_02403.jpg,alluvial soil
alluvial_soil_144_0_4178.jpeg,alluvial_soil_02404.jpg,alluvial soil
alluvial_soil_79_0_8621.jpeg,alluvial_soil_02405.jpg,alluvial soil
alluvial_soil_161_0_4515.jpeg,alluvial_soil_02406.jpg,alluvial soil
alluvial_soil_57_0_9245.jpeg,alluvial_soil_02407.jpg,alluvial soil
alluvial_soil_112_0_8487.jpeg,alluvial_soil_02408.jpg,alluvial soil
alluvial_soil_139_0_1244.jpeg,alluvial_soil_02409.jpg,alluvial soil
alluvial_soil_128_0_5259.jpeg,alluvial_soil_02410.jpg,alluvial soil
alluvial_soil_158_0_1313.jpeg,alluvial_soil_02411.jpg,alluvial soil
alluvial_soil_2_0_6690.jpeg,alluvial_soil_02412.jpg,alluvial soil
alluvial_soil_132_0_7778.jpeg,alluvial_soil_02413.jpg,alluvial soil
alluvial_soil_141_0_6391.jpeg,alluvial_soil_02414.jpg,alluvial soil
alluvial_soil_80_0_7531.jpeg,alluvial_soil_02415.jpg,alluvial soil
alluvial_soil_73_0_3801.jpeg,alluvial_soil_02416.jpg,alluvial soil
alluvial_soil_137_0_4302.jpeg,alluvial_soil_02417.jpg,alluvial soil
alluvial_soil_40_0_7479.jpeg,alluvial_soil_02418.jpg,alluvial soil
alluvial_soil_44_0_2267.jpeg,alluvial_soil_02419.jpg,alluvial soil
alluvial_soil_134_0_1997.jpeg,alluvial_soil_02420.jpg,alluvial soil
alluvial_soil_42_0_4138.jpeg,alluvial_soil_02421.jpg,alluvial soil
alluvial_soil_164_0_9362.jpeg,alluvial_soil_02422.jpg,alluvial soil
alluvial_soil_41_0_5871.jpeg,alluvial_soil_02423.jpg,alluvial soil
alluvial_soil_140_0_4348.jpeg,alluvial_soil_02424.jpg,alluvial soil
alluvial_soil_106_0_9942.jpeg,alluvial_soil_02425.jpg,alluvial soil
alluvial_soil_39_0_8910.jpeg,alluvial_soil_02426.jpg,alluvial soil
alluvial_soil_32_0_9253.jpeg,alluvial_soil_02427.jpg,alluvial soil
alluvial_soil_24_0_5306.jpeg,alluvial_soil_02428.jpg,alluvial soil
alluvial_soil_22_0_2694.jpeg,alluvial_soil_02429.jpg,alluvial soil
alluvial_soil_119_0_8143.jpeg,alluvial_soil_02430.jpg,alluvial soil
alluvial_soil_52_0_6682.jpeg,alluvial_soil_02431.jpg,alluvial soil
alluvial_soil_130_0_5417.jpeg,alluvial_soil_02432.jpg,alluvial soil
alluvial_soil_117_0_31.jpeg,alluvial_soil_02433.jpg,alluvial soil
alluvial_soil_18_0_9963.jpeg,alluvial_soil_02434.jpg,alluvial soil
alluvial_soil_100_0_2453.jpeg,alluvial_soil_02435.jpg,alluvial soil
alluvial_soil_3_0_6344.jpeg,alluvial_soil_02436.jpg,alluvial soil
alluvial_soil_16_0_5547.jpeg,alluvial_soil_02437.jpg,alluvial soil
alluvial_soil_141_0_3902.jpeg,alluvial_soil_02438.jpg,alluvial soil
alluvial_soil_73_0_1891.jpeg,alluvial_soil_02439.jpg,alluvial soil
alluvial_soil_18_0_9271.jpeg,alluvial_soil_02440.jpg,alluvial soil
alluvial_soil_2_0_2709.jpeg,alluvial_soil_02441.jpg,alluvial soil
alluvial_soil_115_0_195.jpeg,alluvial_soil_02442.jpg,alluvial soil
alluvial_soil_23_0_7077.jpeg,alluvial_soil_02443.jpg,alluvial soil
alluvial_soil_108_0_3476.jpeg,alluvial_soil_02444.jpg,alluvial soil
alluvial_soil_133_0_7185.jpeg,alluvial_soil_02445.jpg,alluvial soil
alluvial_soil_36_0_8127.jpeg,alluvial_soil_02446.jpg,alluvial soil
alluvial_soil_140_0_9243.jpeg,alluvial_soil_02447.jpg,alluvial soil
alluvial_soil_27_0_3859.jpeg,alluvial_soil_02448.jpg,alluvial soil
alluvial_soil_156_0_8747.jpeg,alluvial_soil_02449.jpg,alluvial soil
alluvial_soil_155_0_7953.jpeg,alluvial_soil_02450.jpg,alluvial soil
alluvial_soil_80_0_3446.jpeg,alluvial_soil_02451.jpg,alluvial soil
alluvial_soil_142_0_2482.jpeg,alluvial_soil_02452.jpg,alluvial soil
alluvial_soil_149_0_5847.jpeg,alluvial_soil_02453.jpg,alluvial soil
alluvial_soil_109_0_5646.jpeg,alluvial_soil_02454.jpg,alluvial soil
alluvial_soil_68_0_3018.jpeg,alluvial_soil_02455.jpg,alluvial soil
alluvial_soil_110_0_304.jpeg,alluvial_soil_02456.jpg,alluvial soil
alluvial_soil_22_0_5264.jpeg,alluvial_soil_02457.jpg,alluvial soil
alluvial_soil_139_0_6323.jpeg,alluvial_soil_02458.jpg,alluvial soil
alluvial_soil_85_0_8665.jpeg,alluvial_soil_02459.jpg,alluvial soil
alluvial_soil_93_0_1620.jpeg,alluvial_soil_02460.jpg,alluvial soil
alluvial_soil_86_0_7643.jpeg,alluvial_soil_02461.jpg,alluvial soil
alluvial_soil_13_0_9922.jpeg,alluvial_soil_02462.jpg,alluvial soil
alluvial_soil_123_0_2325.jpeg,alluvial_soil_02463.jpg,alluvial soil
alluvial_soil_65_0_4042.jpeg,alluvial_soil_02464.jpg,alluvial soil
alluvial_soil_131_0_8288.jpeg,alluvial_soil_02465.jpg,alluvial soil
alluvial_soil_35_0_5659.jpeg,alluvial_soil_02466.jpg,alluvial soil
alluvial_soil_131_0_885.jpeg,alluvial_soil_02467.jpg,alluvial soil
alluvial_soil_6_0_2559.jpeg,alluvial_soil_02468.jpg,alluvial soil
alluvial_soil_34_0_2073.jpeg,alluvial_soil_02469.jpg,alluvial soil
alluvial_soil_93_0_4214.jpeg,alluvial_soil_02470.jpg,alluvial soil
alluvial_soil_85_0_11.jpeg,alluvial_soil_02471.jpg,alluvial soil
alluvial_soil_33_0_2260.jpeg,alluvial_soil_02472.jpg,alluvial soil
alluvial_soil_74_0_7581.jpeg,alluvial_soil_02473.jpg,alluvial soil
alluvial_soil_44_0_3778.jpeg,alluvial_soil_02474.jpg,alluvial soil
alluvial_soil_48_0_1983.jpeg,alluvial_soil_02475.jpg,alluvial soil
alluvial_soil_69_0_2001.jpeg,alluvial_soil_02476.jpg,alluvial soil
alluvial_soil_116_0_6424.jpeg,alluvial_soil_02477.jpg,alluvial soil
alluvial_soil_45_0_1216.jpeg,alluvial_soil_02478.jpg,alluvial soil
alluvial_soil_122_0_4273.jpeg,alluvial_soil_02479.jpg,alluvial soil
alluvial_soil_47_0_9497.jpeg,alluvial_soil_02480.jpg,alluvial soil
alluvial_soil_119_0_8129.jpeg,alluvial_soil_02481.jpg,alluvial soil
alluvial_soil_55_0_6.jpeg,alluvial_soil_02482.jpg,alluvial soil
alluvial_soil_126_0_5758.jpeg,alluvial_soil_02483.jpg,alluvial soil
alluvial_soil_103_0_1089.jpeg,alluvial_soil_02484.jpg,alluvial soil
alluvial_soil_16_0_3843.jpeg,alluvial_soil_02485.jpg,alluvial soil
alluvial_soil_127_0_1492.jpeg,alluvial_soil_02486.jpg,alluvial soil
alluvial_soil_32_0_1069.jpeg,alluvial_soil_02487.jpg,alluvial soil
alluvial_soil_90_0_4524.jpeg,alluvial_soil_02488.jpg,alluvial soil
alluvial_soil_49_0_7616.jpeg,alluvial_soil_02489.jpg,alluvial soil
alluvial_soil_128_0_4907.jpeg,alluvial_soil_02490.jpg,alluvial soil
alluvial_soil_19_0_877.jpeg,alluvial_soil_02491.jpg,alluvial soil
alluvial_soil_162_0_7702.jpeg,alluvial_soil_02492.jpg,alluvial soil
alluvial_soil_67_0_6412.jpeg,alluvial_soil_02493.jpg,alluvial soil
alluvial_soil_50_0_9043.jpeg,alluvial_soil_02494.jpg,alluvial soil
alluvial_soil_138_0_8544.jpeg,alluvial_soil_02495.jpg,alluvial soil
alluvial_soil_153_0_2253.jpeg,alluvial_soil_02496.jpg,alluvial soil
alluvial_soil_77_0_3941.jpeg,alluvial_soil_02497.jpg,alluvial soil
alluvial_soil_129_0_5806.jpeg,alluvial_soil_02498.jpg,alluvial soil
alluvial_soil_126_0_5929.jpeg,alluvial_soil_02499.jpg,alluvial soil
alluvial_soil_122_0_3966.jpeg,alluvial_soil_02500.jpg,alluvial soil
alluvial_soil_115_0_3458.jpeg,alluvial_soil_02501.jpg,alluvial soil
alluvial_soil_137_0_9182.jpeg,alluvial_soil_02502.jpg,alluvial soil
alluvial_soil_144_0_2218.jpeg,alluvial_soil_02503.jpg,alluvial soil
alluvial_soil_20_0_1489.jpeg,alluvial_soil_02504.jpg,alluvial soil
alluvial_soil_83_0_8063.jpeg,alluvial_soil_02505.jpg,alluvial soil
alluvial_soil_37_0_4714.jpeg,alluvial_soil_02506.jpg,alluvial soil
alluvial_soil_49_0_5036.jpeg,alluvial_soil_02507.jpg,alluvial soil
alluvial_soil_67_0_503.jpeg,alluvial_soil_02508.jpg,alluvial soil
alluvial_soil_87_0_7688.jpeg,alluvial_soil_02509.jpg,alluvial soil
alluvial_soil_86_0_7974.jpeg,alluvial_soil_02510.jpg,alluvial soil
alluvial_soil_5_0_2607.jpeg,alluvial_soil_02511.jpg,alluvial soil
alluvial_soil_76_0_7176.jpeg,alluvial_soil_02512.jpg,alluvial soil
alluvial_soil_160_0_7690.jpeg,alluvial_soil_02513.jpg,alluvial soil
alluvial_soil_135_0_6366.jpeg,alluvial_soil_02514.jpg,alluvial soil
alluvial_soil_3_0_8050.jpeg,alluvial_soil_02515.jpg,alluvial soil
alluvial_soil_117_0_8731.jpeg,alluvial_soil_02516.jpg,alluvial soil
alluvial_soil_115_0_9081.jpeg,alluvial_soil_02517.jpg,alluvial soil
alluvial_soil_4_0_8277.jpeg,alluvial_soil_02518.jpg,alluvial soil
alluvial_soil_113_0_5623.jpeg,alluvial_soil_02519.jpg,alluvial soil
alluvial_soil_28_0_4952.jpeg,alluvial_soil_02520.jpg,alluvial soil
alluvial_soil_159_0_1201.jpeg,alluvial_soil_02521.jpg,alluvial soil
alluvial_soil_9_0_9303.jpeg,alluvial_soil_02522.jpg,alluvial soil
alluvial_soil_45_0_7500.jpeg,alluvial_soil_02523.jpg,alluvial soil
alluvial_soil_14_0_7030.jpeg,alluvial_soil_02524.jpg,alluvial soil
alluvial_soil_142_0_2802.jpeg,alluvial_soil_02525.jpg,alluvial soil
alluvial_soil_150_0_1760.jpeg,alluvial_soil_02526.jpg,alluvial soil
alluvial_soil_40_0_1595.jpeg,alluvial_soil_02527.jpg,alluvial soil
alluvial_soil_110_0_17.jpeg,alluvial_soil_02528.jpg,alluvial soil
alluvial_soil_50_0_6094.jpeg,alluvial_soil_02529.jpg,alluvial soil
alluvial_soil_36_0_7677.jpeg,alluvial_soil_02530.jpg,alluvial soil
alluvial_soil_155_0_2436.jpeg,alluvial_soil_02531.jpg,alluvial soil
alluvial_soil_112_0_604.jpeg,alluvial_soil_02532.jpg,alluvial soil
alluvial_soil_29_0_6122.jpeg,alluvial_soil_02533.jpg,alluvial soil
alluvial_soil_43_0_7965.jpeg,alluvial_soil_02534.jpg,alluvial soil
alluvial_soil_136_0_162.jpeg,alluvial_soil_02535.jpg,alluvial soil
alluvial_soil_32_0_4676.jpeg,alluvial_soil_02536.jpg,alluvial soil
alluvial_soil_15_0_4164.jpeg,alluvial_soil_02537.jpg,alluvial soil
alluvial_soil_158_0_1477.jpeg,alluvial_soil_02538.jpg,alluvial soil
alluvial_soil_138_0_2682.jpeg,alluvial_soil_02539.jpg,alluvial soil
alluvial_soil_83_0_47.jpeg,alluvial_soil_02540.jpg,alluvial soil
alluvial_soil_152_0_2024.jpeg,alluvial_soil_02541.jpg,alluvial soil
alluvial_soil_73_0_8412.jpeg,alluvial_soil_02542.jpg,alluvial soil
alluvial_soil_125_0_8712.jpeg,alluvial_soil_02543.jpg,alluvial soil
alluvial_soil_15_0_5547.jpeg,alluvial_soil_02544.jpg,alluvial soil
alluvial_soil_117_0_7939.jpeg,alluvial_soil_02545.jpg,alluvial soil
alluvial_soil_23_0_4898.jpeg,alluvial_soil_02546.jpg,alluvial soil
alluvial_soil_35_0_3930.jpeg,alluvial_soil_02547.jpg,alluvial soil
alluvial_soil_150_0_7619.jpeg,alluvial_soil_02548.jpg,alluvial soil
alluvial_soil_77_0_958.jpeg,alluvial_soil_02549.jpg,alluvial soil
alluvial_soil_114_0_6131.jpeg,alluvial_soil_02550.jpg,alluvial soil
alluvial_soil_47_0_6455.jpeg,alluvial_soil_02551.jpg,alluvial soil
alluvial_soil_162_0_2535.jpeg,alluvial_soil_02552.jpg,alluvial soil
alluvial_soil_88_0_5230.jpeg,alluvial_soil_02553.jpg,alluvial soil
alluvial_soil_86_0_2792.jpeg,alluvial_soil_02554.jpg,alluvial soil
alluvial_soil_151_0_5502.jpeg,alluvial_soil_02555.jpg,alluvial soil
alluvial_soil_33_0_304.jpeg,alluvial_soil_02556.jpg,alluvial soil
alluvial_soil_46_0_5552.jpeg,alluvial_soil_02557.jpg,alluvial soil
alluvial_soil_152_0_9545.jpeg,alluvial_soil_02558.jpg,alluvial soil
alluvial_soil_143_0_3101.jpeg,alluvial_soil_02559.jpg,alluvial soil
alluvial_soil_15_0_8879.jpeg,alluvial_soil_02560.jpg,alluvial soil
alluvial_soil_20_0_1842.jpeg,alluvial_soil_02561.jpg,alluvial soil
alluvial_soil_116_0_9710.jpeg,alluvial_soil_02562.jpg,alluvial soil
alluvial_soil_6_0_4646.jpeg,alluvial_soil_02563.jpg,alluvial soil
alluvial_soil_77_0_9244.jpeg,alluvial_soil_02564.jpg,alluvial soil
alluvial_soil_156_0_9570.jpeg,alluvial_soil_02565.jpg,alluvial soil
alluvial_soil_162_0_2410.jpeg,alluvial_soil_02566.jpg,alluvial soil
alluvial_soil_17_0_1935.jpeg,alluvial_soil_02567.jpg,alluvial soil
alluvial_soil_108_0_6228.jpeg,alluvial_soil_02568.jpg,alluvial soil
alluvial_soil_128_0_8677.jpeg,alluvial_soil_02569.jpg,alluvial soil
alluvial_soil_35_0_8599.jpeg,alluvial_soil_02570.jpg,alluvial soil
alluvial_soil_53_0_1306.jpeg,alluvial_soil_02571.jpg,alluvial soil
alluvial_soil_72_0_5575.jpeg,alluvial_soil_02572.jpg,alluvial soil
alluvial_soil_35_0_3961.jpeg,alluvial_soil_02573.jpg,alluvial soil
alluvial_soil_83_0_570.jpeg,alluvial_soil_02574.jpg,alluvial soil
alluvial_soil_4_0_1450.jpeg,alluvial_soil_02575.jpg,alluvial soil
alluvial_soil_127_0_4944.jpeg,alluvial_soil_02576.jpg,alluvial soil
alluvial_soil_26_0_1906.jpeg,alluvial_soil_02577.jpg,alluvial soil
alluvial_soil_25_0_2367.jpeg,alluvial_soil_02578.jpg,alluvial soil
alluvial_soil_66_0_8296.jpeg,alluvial_soil_02579.jpg,alluvial soil
alluvial_soil_134_0_2874.jpeg,alluvial_soil_02580.jpg,alluvial soil
alluvial_soil_159_0_2269.jpeg,alluvial_soil_02581.jpg,alluvial soil
alluvial_soil_14_0_3769.jpeg,alluvial_soil_02582.jpg,alluvial soil
alluvial_soil_101_0_2338.jpeg,alluvial_soil_02583.jpg,alluvial soil
alluvial_soil_86_0_7350.jpeg,alluvial_soil_02584.jpg,alluvial soil
alluvial_soil_163_0_8859.jpeg,alluvial_soil_02585.jpg,alluvial soil
alluvial_soil_3_0_9827.jpeg,alluvial_soil_02586.jpg,alluvial soil
alluvial_soil_27_0_6104.jpeg,alluvial_soil_02587.jpg,alluvial soil
alluvial_soil_91_0_5993.jpeg,alluvial_soil_02588.jpg,alluvial soil
alluvial_soil_124_0_4655.jpeg,alluvial_soil_02589.jpg,alluvial soil
alluvial_soil_164_0_5652.jpeg,alluvial_soil_02590.jpg,alluvial soil
alluvial_soil_117_0_2971.jpeg,alluvial_soil_02591.jpg,alluvial soil
alluvial_soil_23_0_6826.jpeg,alluvial_soil_02592.jpg,alluvial soil
alluvial_soil_57_0_9434.jpeg,alluvial_soil_02593.jpg,alluvial soil
alluvial_soil_63_0_1878.jpeg,alluvial_soil_02594.jpg,alluvial soil
alluvial_soil_45_0_3853.jpeg,alluvial_soil_02595.jpg,alluvial soil
alluvial_soil_128_0_2490.jpeg,alluvial_soil_02596.jpg,alluvial soil
alluvial_soil_87_0_2678.jpeg,alluvial_soil_02597.jpg,alluvial soil
alluvial_soil_126_0_753.jpeg,alluvial_soil_02598.jpg,alluvial soil
alluvial_soil_161_0_59.jpeg,alluvial_soil_02599.jpg,alluvial soil
alluvial_soil_68_0_1800.jpeg,alluvial_soil_02600.jpg,alluvial soil
alluvial_soil_80_0_7347.jpeg,alluvial_soil_02601.jpg,alluvial soil
alluvial_soil_114_0_8434.jpeg,alluvial_soil_02602.jpg,alluvial soil
alluvial_soil_74_0_1856.jpeg,alluvial_soil_02603.jpg,alluvial soil
alluvial_soil_136_0_9343.jpeg,alluvial_soil_02604.jpg,alluvial soil
alluvial_soil_48_0_7393.jpeg,alluvial_soil_02605.jpg,alluvial soil
alluvial_soil_17_0_2004.jpeg,alluvial_soil_02606.jpg,alluvial soil
alluvial_soil_55_0_245.jpeg,alluvial_soil_02607.jpg,alluvial soil
alluvial_soil_70_0_4919.jpeg,alluvial_soil_02608.jpg,alluvial soil
alluvial_soil_50_0_3610.jpeg,alluvial_soil_02609.jpg,alluvial soil
alluvial_soil_16_0_7998.jpeg,alluvial_soil_02610.jpg,alluvial soil
alluvial_soil_7_0_798.jpeg,alluvial_soil_02611.jpg,alluvial soil
alluvial_soil_0_0_2073.jpeg,alluvial_soil_02612.jpg,alluvial soil
alluvial_soil_130_0_9516.jpeg,alluvial_soil_02613.jpg,alluvial soil
alluvial_soil_101_0_4679.jpeg,alluvial_soil_02614.jpg,alluvial soil
alluvial_soil_25_0_3284.jpeg,alluvial_soil_02615.jpg,alluvial soil
alluvial_soil_140_0_4250.jpeg,alluvial_soil_02616.jpg,alluvial soil
alluvial_soil_146_0_7742.jpeg,alluvial_soil_02617.jpg,alluvial soil
alluvial_soil_19_0_975.jpeg,alluvial_soil_02618.jpg,alluvial soil
alluvial_soil_116_0_7358.jpeg,alluvial_soil_02619.jpg,alluvial soil
alluvial_soil_134_0_6384.jpeg,alluvial_soil_02620.jpg,alluvial soil
alluvial_soil_135_0_7938.jpeg,alluvial_soil_02621.jpg,alluvial soil
alluvial_soil_129_0_9128.jpeg,alluvial_soil_02622.jpg,alluvial soil
alluvial_soil_50_0_5490.jpeg,alluvial_soil_02623.jpg,alluvial soil
alluvial_soil_1_0_3345.jpeg,alluvial_soil_02624.jpg,alluvial soil
alluvial_soil_30_0_8381.jpeg,alluvial_soil_02625.jpg,alluvial soil
alluvial_soil_24_0_3153.jpeg,alluvial_soil_02626.jpg,alluvial soil
alluvial_soil_79_0_4965.jpeg,alluvial_soil_02627.jpg,alluvial soil
alluvial_soil_134_0_4078.jpeg,alluvial_soil_02628.jpg,alluvial soil
alluvial_soil_84_0_4532.jpeg,alluvial_soil_02629.jpg,alluvial soil
alluvial_soil_105_0_644.jpeg,alluvial_soil_02630.jpg,alluvial soil
alluvial_soil_61_0_1877.jpeg,alluvial_soil_02631.jpg,alluvial soil
alluvial_soil_164_0_7560.jpeg,alluvial_soil_02632.jpg,alluvial soil
alluvial_soil_29_0_1038.jpeg,alluvial_soil_02633.jpg,alluvial soil
alluvial_soil_161_0_9913.jpeg,alluvial_soil_02634.jpg,alluvial soil
alluvial_soil_114_0_4773.jpeg,alluvial_soil_02635.jpg,alluvial soil
alluvial_soil_48_0_8005.jpeg,alluvial_soil_02636.jpg,alluvial soil
alluvial_soil_81_0_4932.jpeg,alluvial_soil_02637.jpg,alluvial soil
alluvial_soil_135_0_8780.jpeg,alluvial_soil_02638.jpg,alluvial soil
alluvial_soil_147_0_9908.jpeg,alluvial_soil_02639.jpg,alluvial soil
alluvial_soil_82_0_4802.jpeg,alluvial_soil_02640.jpg,alluvial soil
alluvial_soil_16_0_6731.jpeg,alluvial_soil_02641.jpg,alluvial soil
alluvial_soil_81_0_2445.jpeg,alluvial_soil_02642.jpg,alluvial soil
alluvial_soil_54_0_9076.jpeg,alluvial_soil_02643.jpg,alluvial soil
alluvial_soil_139_0_9148.jpeg,alluvial_soil_02644.jpg,alluvial soil
alluvial_soil_46_0_8362.jpeg,alluvial_soil_02645.jpg,alluvial soil
alluvial_soil_5_0_1515.jpeg,alluvial_soil_02646.jpg,alluvial soil
alluvial_soil_26_0_5374.jpeg,alluvial_soil_02647.jpg,alluvial soil
alluvial_soil_119_0_811.jpeg,alluvial_soil_02648.jpg,alluvial soil
alluvial_soil_56_0_8677.jpeg,alluvial_soil_02649.jpg,alluvial soil
alluvial_soil_31_0_8965.jpeg,alluvial_soil_02650.jpg,alluvial soil
alluvial_soil_145_0_6173.jpeg,alluvial_soil_02651.jpg,alluvial soil
alluvial_soil_84_0_9413.jpeg,alluvial_soil_02652.jpg,alluvial soil
alluvial_soil_4_0_6650.jpeg,alluvial_soil_02653.jpg,alluvial soil
alluvial_soil_27_0_3544.jpeg,alluvial_soil_02654.jpg,alluvial soil
alluvial_soil_33_0_9315.jpeg,alluvial_soil_02655.jpg,alluvial soil
alluvial_soil_0_0_6344.jpeg,alluvial_soil_02656.jpg,alluvial soil
alluvial_soil_161_0_3277.jpeg,alluvial_soil_02657.jpg,alluvial soil
alluvial_soil_28_0_9874.jpeg,alluvial_soil_02658.jpg,alluvial soil
alluvial_soil_109_0_9183.jpeg,alluvial_soil_02659.jpg,alluvial soil
alluvial_soil_163_0_9278.jpeg,alluvial_soil_02660.jpg,alluvial soil
alluvial_soil_15_0_7475.jpeg,alluvial_soil_02661.jpg,alluvial soil
alluvial_soil_163_0_3791.jpeg,alluvial_soil_02662.jpg,alluvial soil
alluvial_soil_25_0_3393.jpeg,alluvial_soil_02663.jpg,alluvial soil
alluvial_soil_100_0_2257.jpeg,alluvial_soil_02664.jpg,alluvial soil
alluvial_soil_107_0_5607.jpeg,alluvial_soil_02665.jpg,alluvial soil
alluvial_soil_127_0_4327.jpeg,alluvial_soil_02666.jpg,alluvial soil
alluvial_soil_80_0_4092.jpeg,alluvial_soil_02667.jpg,alluvial soil
alluvial_soil_4_0_6570.jpeg,alluvial_soil_02668.jpg,alluvial soil
alluvial_soil_51_0_7718.jpeg,alluvial_soil_02669.jpg,alluvial soil
alluvial_soil_88_0_6731.jpeg,alluvial_soil_02670.jpg,alluvial soil
alluvial_soil_138_0_5965.jpeg,alluvial_soil_02671.jpg,alluvial soil
alluvial_soil_75_0_9796.jpeg,alluvial_soil_02672.jpg,alluvial soil
alluvial_soil_75_0_6484.jpeg,alluvial_soil_02673.jpg,alluvial soil
alluvial_soil_151_0_440.jpeg,alluvial_soil_02674.jpg,alluvial soil
alluvial_soil_18_0_3765.jpeg,alluvial_soil_02675.jpg,alluvial soil
alluvial_soil_78_0_2361.jpeg,alluvial_soil_02676.jpg,alluvial soil
alluvial_soil_132_0_3201.jpeg,alluvial_soil_02677.jpg,alluvial soil
alluvial_soil_133_0_7335.jpeg,alluvial_soil_02678.jpg,alluvial soil
alluvial_soil_118_0_5460.jpeg,alluvial_soil_02679.jpg,alluvial soil
alluvial_soil_60_0_1215.jpeg,alluvial_soil_02680.jpg,alluvial soil
alluvial_soil_54_0_7162.jpeg,alluvial_soil_02681.jpg,alluvial soil
alluvial_soil_23_0_4796.jpeg,alluvial_soil_02682.jpg,alluvial soil
alluvial_soil_31_0_372.jpeg,alluvial_soil_02683.jpg,alluvial soil
alluvial_soil_153_0_5182.jpeg,alluvial_soil_02684.jpg,alluvial soil
alluvial_soil_5_0_8835.jpeg,alluvial_soil_02685.jpg,alluvial soil
alluvial_soil_74_0_2026.jpeg,alluvial_soil_02686.jpg,alluvial soil
alluvial_soil_153_0_767.jpeg,alluvial_soil_02687.jpg,alluvial soil
alluvial_soil_160_0_5840.jpeg,alluvial_soil_02688.jpg,alluvial soil
alluvial_soil_28_0_5488.jpeg,alluvial_soil_02689.jpg,alluvial soil
alluvial_soil_70_0_209.jpeg,alluvial_soil_02690.jpg,alluvial soil
alluvial_soil_85_0_3515.jpeg,alluvial_soil_02691.jpg,alluvial soil
alluvial_soil_22_0_5534.jpeg,alluvial_soil_02692.jpg,alluvial soil
alluvial_soil_137_0_6832.jpeg,alluvial_soil_02693.jpg,alluvial soil
alluvial_soil_154_0_6154.jpeg,alluvial_soil_02694.jpg,alluvial soil
alluvial_soil_3_0_3132.jpeg,alluvial_soil_02695.jpg,alluvial soil
alluvial_soil_31_0_8426.jpeg,alluvial_soil_02696.jpg,alluvial soil
alluvial_soil_59_0_680.jpeg,alluvial_soil_02697.jpg,alluvial soil
alluvial_soil_156_0_7932.jpeg,alluvial_soil_02698.jpg,alluvial soil
alluvial_soil_131_0_398.jpeg,alluvial_soil_02699.jpg,alluvial soil
alluvial_soil_162_0_896.jpeg,alluvial_soil_02700.jpg,alluvial soil
alluvial_soil_130_0_9514.jpeg,alluvial_soil_02701.jpg,alluvial soil
alluvial_soil_107_0_1822.jpeg,alluvial_soil_02702.jpg,alluvial soil
alluvial_soil_51_0_9190.jpeg,alluvial_soil_02703.jpg,alluvial soil
alluvial_soil_52_0_2622.jpeg,alluvial_soil_02704.jpg,alluvial soil
alluvial_soil_75_0_915.jpeg,alluvial_soil_02705.jpg,alluvial soil
alluvial_soil_62_0_4373.jpeg,alluvial_soil_02706.jpg,alluvial soil
alluvial_soil_103_0_7541.jpeg,alluvial_soil_02707.jpg,alluvial soil
alluvial_soil_1_0_5185.jpeg,alluvial_soil_02708.jpg,alluvial soil
alluvial_soil_119_0_4145.jpeg,alluvial_soil_02709.jpg,alluvial soil
alluvial_soil_59_0_1601.jpeg,alluvial_soil_02710.jpg,alluvial soil
alluvial_soil_159_0_5751.jpeg,alluvial_soil_02711.jpg,alluvial soil
alluvial_soil_56_0_1637.jpeg,alluvial_soil_02712.jpg,alluvial soil
alluvial_soil_145_0_8713.jpeg,alluvial_soil_02713.jpg,alluvial soil
alluvial_soil_30_0_2008.jpeg,alluvial_soil_02714.jpg,alluvial soil
alluvial_soil_1_0_2673.jpeg,alluvial_soil_02715.jpg,alluvial soil
alluvial_soil_7_0_8251.jpeg,alluvial_soil_02716.jpg,alluvial soil
alluvial_soil_113_0_9569.jpeg,alluvial_soil_02717.jpg,alluvial soil
alluvial_soil_47_0_902.jpeg,alluvial_soil_02718.jpg,alluvial soil
alluvial_soil_148_0_2771.jpeg,alluvial_soil_02719.jpg,alluvial soil
alluvial_soil_156_0_5023.jpeg,alluvial_soil_02720.jpg,alluvial soil
alluvial_soil_113_0_5089.jpeg,alluvial_soil_02721.jpg,alluvial soil
alluvial_soil_47_0_3027.jpeg,alluvial_soil_02722.jpg,alluvial soil
alluvial_soil_0_0_8909.jpeg,alluvial_soil_02723.jpg,alluvial soil
alluvial_soil_126_0_3215.jpeg,alluvial_soil_02724.jpg,alluvial soil
alluvial_soil_6_0_7903.jpeg,alluvial_soil_02725.jpg,alluvial soil
alluvial_soil_149_0_4190.jpeg,alluvial_soil_02726.jpg,alluvial soil
alluvial_soil_111_0_7764.jpeg,alluvial_soil_02727.jpg,alluvial soil
alluvial_soil_71_0_7446.jpeg,alluvial_soil_02728.jpg,alluvial soil
alluvial_soil_46_0_5996.jpeg,alluvial_soil_02729.jpg,alluvial soil
alluvial_soil_102_0_7077.jpeg,alluvial_soil_02730.jpg,alluvial soil
alluvial_soil_139_0_671.jpeg,alluvial_soil_02731.jpg,alluvial soil
alluvial_soil_111_0_2260.jpeg,alluvial_soil_02732.jpg,alluvial soil
alluvial_soil_149_0_4725.jpeg,alluvial_soil_02733.jpg,alluvial soil
alluvial_soil_72_0_9368.jpeg,alluvial_soil_02734.jpg,alluvial soil
alluvial_soil_89_0_9641.jpeg,alluvial_soil_02735.jpg,alluvial soil
alluvial_soil_152_0_6202.jpeg,alluvial_soil_02736.jpg,alluvial soil
alluvial_soil_49_0_8190.jpeg,alluvial_soil_02737.jpg,alluvial soil
alluvial_soil_148_0_5873.jpeg,alluvial_soil_02738.jpg,alluvial soil
alluvial_soil_66_0_5462.jpeg,alluvial_soil_02739.jpg,alluvial soil
alluvial_soil_104_0_1580.jpeg,alluvial_soil_02740.jpg,alluvial soil
alluvial_soil_79_0_2076.jpeg,alluvial_soil_02741.jpg,alluvial soil
alluvial_soil_114_0_3911.jpeg,alluvial_soil_02742.jpg,alluvial soil
alluvial_soil_64_0_3938.jpeg,alluvial_soil_02743.jpg,alluvial soil
alluvial_soil_2_0_275.jpeg,alluvial_soil_02744.jpg,alluvial soil
alluvial_soil_88_0_9002.jpeg,alluvial_soil_02745.jpg,alluvial soil
alluvial_soil_58_0_8318.jpeg,alluvial_soil_02746.jpg,alluvial soil
alluvial_soil_58_0_5806.jpeg,alluvial_soil_02747.jpg,alluvial soil
alluvial_soil_44_0_2952.jpeg,alluvial_soil_02748.jpg,alluvial soil
alluvial_soil_21_0_4895.jpeg,alluvial_soil_02749.jpg,alluvial soil
alluvial_soil_17_0_5269.jpeg,alluvial_soil_02750.jpg,alluvial soil
alluvial_soil_84_0_4085.jpeg,alluvial_soil_02751.jpg,alluvial soil
alluvial_soil_96_0_546.jpeg,alluvial_soil_02752.jpg,alluvial soil
alluvial_soil_105_0_2790.jpeg,alluvial_soil_02753.jpg,alluvial soil
alluvial_soil_84_0_2797.jpeg,alluvial_soil_02754.jpg,alluvial soil
alluvial_soil_112_0_9044.jpeg,alluvial_soil_02755.jpg,alluvial soil
alluvial_soil_19_0_8994.jpeg,alluvial_soil_02756.jpg,alluvial soil
alluvial_soil_118_0_5738.jpeg,alluvial_soil_02757.jpg,alluvial soil
alluvial_soil_76_0_2798.jpeg,alluvial_soil_02758.jpg,alluvial soil
alluvial_soil_82_0_2897.jpeg,alluvial_soil_02759.jpg,alluvial soil
alluvial_soil_43_0_9450.jpeg,alluvial_soil_02760.jpg,alluvial soil
alluvial_soil_115_0_7564.jpeg,alluvial_soil_02761.jpg,alluvial soil
alluvial_soil_21_0_3975.jpeg,alluvial_soil_02762.jpg,alluvial soil
alluvial_soil_13_0_7189.jpeg,alluvial_soil_02763.jpg,alluvial soil
alluvial_soil_63_0_3778.jpeg,alluvial_soil_02764.jpg,alluvial soil
alluvial_soil_136_0_1116.jpeg,alluvial_soil_02765.jpg,alluvial soil
alluvial_soil_71_0_2493.jpeg,alluvial_soil_02766.jpg,alluvial soil
alluvial_soil_127_0_8654.jpeg,alluvial_soil_02767.jpg,alluvial soil
alluvial_soil_17_0_5099.jpeg,alluvial_soil_02768.jpg,alluvial soil
alluvial_soil_29_0_6739.jpeg,alluvial_soil_02769.jpg,alluvial soil
alluvial_soil_22_0_8977.jpeg,alluvial_soil_02770.jpg,alluvial soil
alluvial_soil_154_0_4781.jpeg,alluvial_soil_02771.jpg,alluvial soil
alluvial_soil_46_0_5040.jpeg,alluvial_soil_02772.jpg,alluvial soil
alluvial_soil_155_0_5589.jpeg,alluvial_soil_02773.jpg,alluvial soil
alluvial_soil_7_0_99.jpeg,alluvial_soil_02774.jpg,alluvial soil
alluvial_soil_75_0_5412.jpeg,alluvial_soil_02775.jpg,alluvial soil
alluvial_soil_78_0_5935.jpeg,alluvial_soil_02776.jpg,alluvial soil
alluvial_soil_94_0_9361.jpeg,alluvial_soil_02777.jpg,alluvial soil
alluvial_soil_60_0_572.jpeg,alluvial_soil_02778.jpg,alluvial soil
alluvial_soil_36_0_1155.jpeg,alluvial_soil_02779.jpg,alluvial soil
alluvial_soil_9_0_143.jpeg,alluvial_soil_02780.jpg,alluvial soil
alluvial_soil_78_0_4112.jpeg,alluvial_soil_02781.jpg,alluvial soil
alluvial_soil_102_0_2817.jpeg,alluvial_soil_02782.jpg,alluvial soil
alluvial_soil_90_0_8282.jpeg,alluvial_soil_02783.jpg,alluvial soil
alluvial_soil_79_0_8496.jpeg,alluvial_soil_02784.jpg,alluvial soil
alluvial_soil_48_0_6066.jpeg,alluvial_soil_02785.jpg,alluvial soil
alluvial_soil_153_0_1864.jpeg,alluvial_soil_02786.jpg,alluvial soil
alluvial_soil_152_0_4029.jpeg,alluvial_soil_02787.jpg,alluvial soil
alluvial_soil_137_0_458.jpeg,alluvial_soil_02788.jpg,alluvial soil
alluvial_soil_129_0_7713.jpeg,alluvial_soil_02789.jpg,alluvial soil
alluvial_soil_118_0_6380.jpeg,alluvial_soil_02790.jpg,alluvial soil
alluvial_soil_42_0_2402.jpeg,alluvial_soil_02791.jpg,alluvial soil
alluvial_soil_71_0_7607.jpeg,alluvial_soil_02792.jpg,alluvial soil
alluvial_soil_29_0_5799.jpeg,alluvial_soil_02793.jpg,alluvial soil
alluvial_soil_72_0_7476.jpeg,alluvial_soil_02794.jpg,alluvial soil
alluvial_soil_94_0_1089.jpeg,alluvial_soil_02795.jpg,alluvial soil
alluvial_soil_124_0_7291.jpeg,alluvial_soil_02796.jpg,alluvial soil
alluvial_soil_154_0_1580.jpeg,alluvial_soil_02797.jpg,alluvial soil
alluvial_soil_106_0_3235.jpeg,alluvial_soil_02798.jpg,alluvial soil
alluvial_soil_76_0_6897.jpeg,alluvial_soil_02799.jpg,alluvial soil
alluvial_soil_82_0_3559.jpeg,alluvial_soil_02800.jpg,alluvial soil
alluvial_soil_118_0_825.jpeg,alluvial_soil_02801.jpg,alluvial soil
alluvial_soil_121_0_3122.jpeg,alluvial_soil_02802.jpg,alluvial soil
alluvial_soil_30_0_830.jpeg,alluvial_soil_02803.jpg,alluvial soil
alluvial_soil_24_0_5509.jpeg,alluvial_soil_02804.jpg,alluvial soil
alluvial_soil_133_0_6007.jpeg,alluvial_soil_02805.jpg,alluvial soil
yellow_soil_155_0_9456.jpeg,yellow_soil_02806.jpg,yellow soil
yellow_soil_163_0_5526.jpeg,yellow_soil_02807.jpg,yellow soil
yellow_soil_147_0_4069.jpeg,yellow_soil_02808.jpg,yellow soil
red_soil_141_0_1817.jpeg,yellow_soil_02809.jpg,yellow soil
red_soil_59_0_5317.jpeg,yellow_soil_02810.jpg,yellow soil
red_soil_122_0_7772.jpeg,yellow_soil_02811.jpg,yellow soil
red_soil_121_0_4326.jpeg,yellow_soil_02812.jpg,yellow soil
yellow_soil_159_0_7603.jpeg,yellow_soil_02813.jpg,yellow soil
red_soil_139_0_5598.jpeg,yellow_soil_02814.jpg,yellow soil
yellow_soil_149_0_2183.jpeg,yellow_soil_02815.jpg,yellow soil
red_soil_59_0_2335.jpeg,yellow_soil_02816.jpg,yellow soil
red_soil_1_0_7947.jpeg,yellow_soil_02817.jpg,yellow soil
red_soil_3_0_6113.jpeg,yellow_soil_02818.jpg,yellow soil
red_soil_15_0_6974.jpeg,yellow_soil_02819.jpg,yellow soil
yellow_soil_140_0_9120.jpeg,yellow_soil_02820.jpg,yellow soil
yellow_soil_144_0_4256.jpeg,yellow_soil_02821.jpg,yellow soil
red_soil_118_0_2419.jpeg,yellow_soil_02822.jpg,yellow soil
yellow_soil_36_0_7840.jpeg,yellow_soil_02823.jpg,yellow soil
red_soil_121_0_4733.jpeg,yellow_soil_02824.jpg,yellow soil
red_soil_132_0_7806.jpeg,yellow_soil_02825.jpg,yellow soil
red_soil_118_0_8638.jpeg,yellow_soil_02826.jpg,yellow soil
red_soil_28_0_6604.jpeg,yellow_soil_02827.jpg,yellow soil
red_soil_115_0_9998.jpeg,yellow_soil_02828.jpg,yellow soil
yellow_soil_24_0_9450.jpeg,yellow_soil_02829.jpg,yellow soil
red_soil_62_0_6958.jpeg,yellow_soil_02830.jpg,yellow soil
yellow_soil_129_0_2252.jpeg,yellow_soil_02831.jpg,yellow soil
red_soil_8_0_7724.jpeg,yellow_soil_02832.jpg,yellow soil
red_soil_30_0_5572.jpeg,yellow_soil_02833.jpg,yellow soil
red_soil_32_0_6441.jpeg,yellow_soil_02834.jpg,yellow soil
yellow_soil_38_0_9431.jpeg,yellow_soil_02835.jpg,yellow soil
red_soil_2_0_802.jpeg,yellow_soil_02836.jpg,yellow soil
red_soil_133_0_2992.jpeg,yellow_soil_02837.jpg,yellow soil
red_soil_135_0_9743.jpeg,yellow_soil_02838.jpg,yellow soil
yellow_soil_133_0_7969.jpeg,yellow_soil_02839.jpg,yellow soil
red_soil_156_0_4354.jpeg,yellow_soil_02840.jpg,yellow soil
yellow_soil_111_0_2742.jpeg,yellow_soil_02841.jpg,yellow soil
red_soil_35_0_8980.jpeg,yellow_soil_02842.jpg,yellow soil
yellow_soil_137_0_8043.jpeg,yellow_soil_02843.jpg,yellow soil
red_soil_140_0_2570.jpeg,yellow_soil_02844.jpg,yellow soil
red_soil_66_0_9275.jpeg,yellow_soil_02845.jpg,yellow soil
red_soil_125_0_2463.jpeg,yellow_soil_02846.jpg,yellow soil
red_soil_158_0_9156.jpeg,yellow_soil_02847.jpg,yellow soil
red_soil_152_0_8161.jpeg,yellow_soil_02848.jpg,yellow soil
yellow_soil_0_0_3250.jpeg,yellow_soil_02849.jpg,yellow soil
red_soil_7_0_5579.jpeg,yellow_soil_02850.jpg,yellow soil
red_soil_134_0_1187.jpeg,yellow_soil_02851.jpg,yellow soil
yellow_soil_39_0_6714.jpeg,yellow_soil_02852.jpg,yellow soil
red_soil_27_0_4044.jpeg,yellow_soil_02853.jpg,yellow soil
red_soil_60_0_6536.jpeg,yellow_soil_02854.jpg,yellow soil
red_soil_160_0_7011.jpeg,yellow_soil_02855.jpg,yellow soil
yellow_soil_126_0_8755.jpeg,yellow_soil_02856.jpg,yellow soil
red_soil_38_0_38.jpeg,yellow_soil_02857.jpg,yellow soil
red_soil_127_0_6899.jpeg,yellow_soil_02858.jpg,yellow soil
red_soil_132_0_8360.jpeg,yellow_soil_02859.jpg,yellow soil
red_soil_117_0_4282.jpeg,yellow_soil_02860.jpg,yellow soil
yellow_soil_29_0_5487.jpeg,yellow_soil_02861.jpg,yellow soil
yellow_soil_110_0_3724.jpeg,yellow_soil_02862.jpg,yellow soil
yellow_soil_115_0_2652.jpeg,yellow_soil_02863.jpg,yellow soil
red_soil_146_0_1951.jpeg,yellow_soil_02864.jpg,yellow soil
red_soil_153_0_6438.jpeg,yellow_soil_02865.jpg,yellow soil
red_soil_33_0_2717.jpeg,yellow_soil_02866.jpg,yellow soil
red_soil_32_0_3401.jpeg,yellow_soil_02867.jpg,yellow soil
red_soil_34_0_1881.jpeg,yellow_soil_02868.jpg,yellow soil
red_soil_127_0_7072.jpeg,yellow_soil_02869.jpg,yellow soil
red_soil_0_0_3079.jpeg,yellow_soil_02870.jpg,yellow soil
red_soil_122_0_9682.jpeg,yellow_soil_02871.jpg,yellow soil
red_soil_37_0_839.jpeg,yellow_soil_02872.jpg,yellow soil
red_soil_142_0_6227.jpeg,yellow_soil_02873.jpg,yellow soil
red_soil_116_0_5242.jpeg,yellow_soil_02874.jpg,yellow soil
red_soil_160_0_7854.jpeg,yellow_soil_02875.jpg,yellow soil
red_soil_36_0_5573.jpeg,yellow_soil_02876.jpg,yellow soil
red_soil_138_0_1127.jpeg,yellow_soil_02877.jpg,yellow soil
yellow_soil_129_0_7140.jpeg,yellow_soil_02878.jpg,yellow soil
yellow_soil_106_0_3635.jpeg,yellow_soil_02879.jpg,yellow soil
yellow_soil_139_0_6334.jpeg,yellow_soil_02880.jpg,yellow soil
red_soil_107_0_191.jpeg,yellow_soil_02881.jpg,yellow soil
red_soil_129_0_2528.jpeg,yellow_soil_02882.jpg,yellow soil
red_soil_29_0_8101.jpeg,yellow_soil_02883.jpg,yellow soil
red_soil_143_0_3527.jpeg,yellow_soil_02884.jpg,yellow soil
red_soil_148_0_1354.jpeg,yellow_soil_02885.jpg,yellow soil
red_soil_61_0_5100.jpeg,yellow_soil_02886.jpg,yellow soil
red_soil_135_0_9702.jpeg,yellow_soil_02887.jpg,yellow soil
yellow_soil_137_0_8619.jpeg,yellow_soil_02888.jpg,yellow soil
red_soil_132_0_6067.jpeg,yellow_soil_02889.jpg,yellow soil
red_soil_163_0_3140.jpeg,yellow_soil_02890.jpg,yellow soil
yellow_soil_0_0_486.jpeg,yellow_soil_02891.jpg,yellow soil
yellow_soil_122_0_9773.jpeg,yellow_soil_02892.jpg,yellow soil
red_soil_14_0_4677.jpeg,yellow_soil_02893.jpg,yellow soil
red_soil_106_0_5047.jpeg,yellow_soil_02894.jpg,yellow soil
red_soil_149_0_4301.jpeg,yellow_soil_02895.jpg,yellow soil
red_soil_159_0_559.jpeg,yellow_soil_02896.jpg,yellow soil
red_soil_154_0_3405.jpeg,yellow_soil_02897.jpg,yellow soil
red_soil_121_0_701.jpeg,yellow_soil_02898.jpg,yellow soil
red_soil_118_0_7790.jpeg,yellow_soil_02899.jpg,yellow soil
red_soil_153_0_2321.jpeg,yellow_soil_02900.jpg,yellow soil
red_soil_2_0_9267.jpeg,yellow_soil_02901.jpg,yellow soil
yellow_soil_116_0_7084.jpeg,yellow_soil_02902.jpg,yellow soil
yellow_soil_110_0_1894.jpeg,yellow_soil_02903.jpg,yellow soil
yellow_soil_134_0_8397.jpeg,yellow_soil_02904.jpg,yellow soil
red_soil_115_0_8786.jpeg,yellow_soil_02905.jpg,yellow soil
red_soil_125_0_4267.jpeg,yellow_soil_02906.jpg,yellow soil
red_soil_9_0_4494.jpeg,yellow_soil_02907.jpg,yellow soil
red_soil_105_0_6421.jpeg,yellow_soil_02908.jpg,yellow soil
red_soil_113_0_2213.jpeg,yellow_soil_02909.jpg,yellow soil
red_soil_56_0_3438.jpeg,yellow_soil_02910.jpg,yellow soil
red_soil_14_0_3376.jpeg,yellow_soil_02911.jpg,yellow soil
red_soil_158_0_7296.jpeg,yellow_soil_02912.jpg,yellow soil
red_soil_70_0_6978.jpeg,yellow_soil_02913.jpg,yellow soil
red_soil_30_0_3408.jpeg,yellow_soil_02914.jpg,yellow soil
yellow_soil_3_0_2970.jpeg,yellow_soil_02915.jpg,yellow soil
red_soil_122_0_3443.jpeg,yellow_soil_02916.jpg,yellow soil
red_soil_120_0_7798.jpeg,yellow_soil_02917.jpg,yellow soil
red_soil_154_0_2653.jpeg,yellow_soil_02918.jpg,yellow soil
red_soil_132_0_2545.jpeg,yellow_soil_02919.jpg,yellow soil
red_soil_108_0_3929.jpeg,yellow_soil_02920.jpg,yellow soil
yellow_soil_118_0_7419.jpeg,yellow_soil_02921.jpg,yellow soil
red_soil_137_0_5072.jpeg,yellow_soil_02922.jpg,yellow soil
yellow_soil_160_0_7416.jpeg,yellow_soil_02923.jpg,yellow soil
yellow_soil_142_0_9306.jpeg,yellow_soil_02924.jpg,yellow soil
red_soil_146_0_6164.jpeg,yellow_soil_02925.jpg,yellow soil
red_soil_11_0_2718.jpeg,yellow_soil_02926.jpg,yellow soil
yellow_soil_144_0_2705.jpeg,yellow_soil_02927.jpg,yellow soil
red_soil_64_0_2755.jpeg,yellow_soil_02928.jpg,yellow soil
yellow_soil_152_0_9905.jpeg,yellow_soil_02929.jpg,yellow soil
red_soil_152_0_1281.jpeg,yellow_soil_02930.jpg,yellow soil
red_soil_124_0_1841.jpeg,yellow_soil_02931.jpg,yellow soil
red_soil_120_0_4855.jpeg,yellow_soil_02932.jpg,yellow soil
red_soil_119_0_4393.jpeg,yellow_soil_02933.jpg,yellow soil
yellow_soil_154_0_4974.jpeg,yellow_soil_02934.jpg,yellow soil
yellow_soil_30_0_2174.jpeg,yellow_soil_02935.jpg,yellow soil
yellow_soil_37_0_6203.jpeg,yellow_soil_02936.jpg,yellow soil
red_soil_63_0_3905.jpeg,yellow_soil_02937.jpg,yellow soil
red_soil_146_0_7834.jpeg,yellow_soil_02938.jpg,yellow soil
yellow_soil_31_0_1725.jpeg,yellow_soil_02939.jpg,yellow soil
red_soil_150_0_1137.jpeg,yellow_soil_02940.jpg,yellow soil
red_soil_155_0_7550.jpeg,yellow_soil_02941.jpg,yellow soil
red_soil_111_0_4126.jpeg,yellow_soil_02942.jpg,yellow soil
red_soil_161_0_5813.jpeg,yellow_soil_02943.jpg,yellow soil
yellow_soil_128_0_4768.jpeg,yellow_soil_02944.jpg,yellow soil
red_soil_133_0_5080.jpeg,yellow_soil_02945.jpg,yellow soil
red_soil_33_0_320.jpeg,yellow_soil_02946.jpg,yellow soil
yellow_soil_116_0_2906.jpeg,yellow_soil_02947.jpg,yellow soil
red_soil_151_0_4971.jpeg,yellow_soil_02948.jpg,yellow soil
red_soil_142_0_5778.jpeg,yellow_soil_02949.jpg,yellow soil
yellow_soil_128_0_5151.jpeg,yellow_soil_02950.jpg,yellow soil
yellow_soil_136_0_5534.jpeg,yellow_soil_02951.jpg,yellow soil
red_soil_40_0_933.jpeg,yellow_soil_02952.jpg,yellow soil
yellow_soil_31_0_3725.jpeg,yellow_soil_02953.jpg,yellow soil
red_soil_128_0_3815.jpeg,yellow_soil_02954.jpg,yellow soil
yellow_soil_152_0_8051.jpeg,yellow_soil_02955.jpg,yellow soil
yellow_soil_27_0_6624.jpeg,yellow_soil_02956.jpg,yellow soil
red_soil_145_0_9273.jpeg,yellow_soil_02957.jpg,yellow soil
red_soil_5_0_2401.jpeg,yellow_soil_02958.jpg,yellow soil
yellow_soil_135_0_1157.jpeg,yellow_soil_02959.jpg,yellow soil
yellow_soil_131_0_4660.jpeg,yellow_soil_02960.jpg,yellow soil
yellow_soil_33_0_2686.jpeg,yellow_soil_02961.jpg,yellow soil
red_soil_156_0_3944.jpeg,yellow_soil_02962.jpg,yellow soil
yellow_soil_150_0_8829.jpeg,yellow_soil_02963.jpg,yellow soil
red_soil_32_0_6354.jpeg,yellow_soil_02964.jpg,yellow soil
red_soil_164_0_5968.jpeg,yellow_soil_02965.jpg,yellow soil
red_soil_149_0_5492.jpeg,yellow_soil_02966.jpg,yellow soil
red_soil_147_0_7219.jpeg,yellow_soil_02967.jpg,yellow soil
red_soil_123_0_9588.jpeg,yellow_soil_02968.jpg,yellow soil
red_soil_164_0_3637.jpeg,yellow_soil_02969.jpg,yellow soil
red_soil_68_0_7031.jpeg,yellow_soil_02970.jpg,yellow soil
red_soil_112_0_8192.jpeg,yellow_soil_02971.jpg,yellow soil
yellow_soil_154_0_5543.jpeg,yellow_soil_02972.jpg,yellow soil
red_soil_134_0_6155.jpeg,yellow_soil_02973.jpg,yellow soil
red_soil_155_0_2306.jpeg,yellow_soil_02974.jpg,yellow soil
red_soil_136_0_1621.jpeg,yellow_soil_02975.jpg,yellow soil
red_soil_148_0_8639.jpeg,yellow_soil_02976.jpg,yellow soil
red_soil_58_0_4815.jpeg,yellow_soil_02977.jpg,yellow soil
red_soil_13_0_7282.jpeg,yellow_soil_02978.jpg,yellow soil
red_soil_144_0_3339.jpeg,yellow_soil_02979.jpg,yellow soil
yellow_soil_126_0_368.jpeg,yellow_soil_02980.jpg,yellow soil
yellow_soil_127_0_755.jpeg,yellow_soil_02981.jpg,yellow soil
red_soil_150_0_3670.jpeg,yellow_soil_02982.jpg,yellow soil
yellow_soil_2_0_1486.jpeg,yellow_soil_02983.jpg,yellow soil
red_soil_149_0_6517.jpeg,yellow_soil_02984.jpg,yellow soil
red_soil_35_0_4666.jpeg,yellow_soil_02985.jpg,yellow soil
red_soil_36_0_4702.jpeg,yellow_soil_02986.jpg,yellow soil
yellow_soil_28_0_602.jpeg,yellow_soil_02987.jpg,yellow soil
yellow_soil_146_0_9020.jpeg,yellow_soil_02988.jpg,yellow soil
yellow_soil_130_0_3139.jpeg,yellow_soil_02989.jpg,yellow soil
red_soil_152_0_2518.jpeg,yellow_soil_02990.jpg,yellow soil
red_soil_134_0_6806.jpeg,yellow_soil_02991.jpg,yellow soil
yellow_soil_125_0_1671.jpeg,yellow_soil_02992.jpg,yellow soil
yellow_soil_132_0_274.jpeg,yellow_soil_02993.jpg,yellow soil
red_soil_113_0_7624.jpeg,yellow_soil_02994.jpg,yellow soil
yellow_soil_2_0_3580.jpeg,yellow_soil_02995.jpg,yellow soil
red_soil_125_0_6582.jpeg,yellow_soil_02996.jpg,yellow soil
red_soil_63_0_5896.jpeg,yellow_soil_02997.jpg,yellow soil
yellow_soil_119_0_7245.jpeg,yellow_soil_02998.jpg,yellow soil
red_soil_117_0_6684.jpeg,yellow_soil_02999.jpg,yellow soil
yellow_soil_151_0_757.jpeg,yellow_soil_03000.jpg,yellow soil
yellow_soil_28_0_6435.jpeg,yellow_soil_03001.jpg,yellow soil
yellow_soil_158_0_8842.jpeg,yellow_soil_03002.jpg,yellow soil
red_soil_157_0_5967.jpeg,yellow_soil_03003.jpg,yellow soil
red_soil_145_0_9567.jpeg,yellow_soil_03004.jpg,yellow soil
red_soil_114_0_8879.jpeg,yellow_soil_03005.jpg,yellow soil
yellow_soil_107_0_8765.jpeg,yellow_soil_03006.jpg,yellow soil
red_soil_129_0_6843.jpeg,yellow_soil_03007.jpg,yellow soil
red_soil_39_0_2667.jpeg,yellow_soil_03008.jpg,yellow soil
yellow_soil_120_0_5919.jpeg,yellow_soil_03009.jpg,yellow soil
yellow_soil_26_0_3926.jpeg,yellow_soil_03010.jpg,yellow soil
red_soil_162_0_4782.jpeg,yellow_soil_03011.jpg,yellow soil
red_soil_70_0_701.jpeg,yellow_soil_03012.jpg,yellow soil
red_soil_16_0_3181.jpeg,yellow_soil_03013.jpg,yellow soil
red_soil_164_0_6094.jpeg,yellow_soil_03014.jpg,yellow soil
red_soil_72_0_6648.jpeg,yellow_soil_03015.jpg,yellow soil
yellow_soil_1_0_9935.jpeg,yellow_soil_03016.jpg,yellow soil
red_soil_10_0_5693.jpeg,yellow_soil_03017.jpg,yellow soil
red_soil_161_0_4590.jpeg,yellow_soil_03018.jpg,yellow soil
red_soil_119_0_7917.jpeg,yellow_soil_03019.jpg,yellow soil
red_soil_105_0_8505.jpeg,yellow_soil_03020.jpg,yellow soil
yellow_soil_74_0_6388.jpeg,yellow_soil_03021.jpg,yellow soil
red_soil_65_0_773.jpeg,yellow_soil_03022.jpg,yellow soil
yellow_soil_33_0_9512.jpeg,yellow_soil_03023.jpg,yellow soil
yellow_soil_149_0_5242.jpeg,yellow_soil_03024.jpg,yellow soil
red_soil_140_0_1710.jpeg,yellow_soil_03025.jpg,yellow soil
red_soil_140_0_5768.jpeg,yellow_soil_03026.jpg,yellow soil
red_soil_123_0_3743.jpeg,yellow_soil_03027.jpg,yellow soil
red_soil_115_0_653.jpeg,yellow_soil_03028.jpg,yellow soil
red_soil_137_0_1106.jpeg,yellow_soil_03029.jpg,yellow soil
red_soil_119_0_418.jpeg,yellow_soil_03030.jpg,yellow soil
yellow_soil_123_0_9311.jpeg,yellow_soil_03031.jpg,yellow soil
yellow_soil_138_0_3772.jpeg,yellow_soil_03032.jpg,yellow soil
yellow_soil_121_0_6081.jpeg,yellow_soil_03033.jpg,yellow soil
red_soil_11_0_8221.jpeg,yellow_soil_03034.jpg,yellow soil
yellow_soil_119_0_6787.jpeg,yellow_soil_03035.jpg,yellow soil
red_soil_71_0_7015.jpeg,yellow_soil_03036.jpg,yellow soil
red_soil_139_0_9083.jpeg,yellow_soil_03037.jpg,yellow soil
red_soil_139_0_1541.jpeg,yellow_soil_03038.jpg,yellow soil
red_soil_10_0_8365.jpeg,yellow_soil_03039.jpg,yellow soil
red_soil_60_0_510.jpeg,yellow_soil_03040.jpg,yellow soil
red_soil_131_0_4321.jpeg,yellow_soil_03041.jpg,yellow soil
red_soil_113_0_3523.jpeg,yellow_soil_03042.jpg,yellow soil
red_soil_147_0_3096.jpeg,yellow_soil_03043.jpg,yellow soil
red_soil_40_0_4912.jpeg,yellow_soil_03044.jpg,yellow soil
red_soil_160_0_1750.jpeg,yellow_soil_03045.jpg,yellow soil
yellow_soil_136_0_5397.jpeg,yellow_soil_03046.jpg,yellow soil
red_soil_130_0_9106.jpeg,yellow_soil_03047.jpg,yellow soil
red_soil_106_0_6112.jpeg,yellow_soil_03048.jpg,yellow soil
yellow_soil_108_0_5894.jpeg,yellow_soil_03049.jpg,yellow soil
red_soil_128_0_2917.jpeg,yellow_soil_03050.jpg,yellow soil
red_soil_49_0_2486.jpeg,yellow_soil_03051.jpg,yellow soil
red_soil_118_0_9286.jpeg,yellow_soil_03052.jpg,yellow soil
red_soil_127_0_5816.jpeg,yellow_soil_03053.jpg,yellow soil
red_soil_154_0_9867.jpeg,yellow_soil_03054.jpg,yellow soil
yellow_soil_123_0_8631.jpeg,yellow_soil_03055.jpg,yellow soil
red_soil_145_0_5951.jpeg,yellow_soil_03056.jpg,yellow soil
yellow_soil_30_0_2283.jpeg,yellow_soil_03057.jpg,yellow soil
red_soil_116_0_3339.jpeg,yellow_soil_03058.jpg,yellow soil
yellow_soil_148_0_4924.jpeg,yellow_soil_03059.jpg,yellow soil
red_soil_15_0_6497.jpeg,yellow_soil_03060.jpg,yellow soil
red_soil_160_0_9926.jpeg,yellow_soil_03061.jpg,yellow soil
red_soil_69_0_4920.jpeg,yellow_soil_03062.jpg,yellow soil
yellow_soil_143_0_7783.jpeg,yellow_soil_03063.jpg,yellow soil
red_soil_161_0_7702.jpeg,yellow_soil_03064.jpg,yellow soil
yellow_soil_161_0_647.jpeg,yellow_soil_03065.jpg,yellow soil
yellow_soil_124_0_9969.jpeg,yellow_soil_03066.jpg,yellow soil
yellow_soil_127_0_3889.jpeg,yellow_soil_03067.jpg,yellow soil
red_soil_50_0_3165.jpeg,yellow_soil_03068.jpg,yellow soil
red_soil_12_0_1247.jpeg,yellow_soil_03069.jpg,yellow soil
red_soil_152_0_8118.jpeg,yellow_soil_03070.jpg,yellow soil
red_soil_140_0_1770.jpeg,yellow_soil_03071.jpg,yellow soil
yellow_soil_134_0_2429.jpeg,yellow_soil_03072.jpg,yellow soil
red_soil_111_0_5653.jpeg,yellow_soil_03073.jpg,yellow soil
red_soil_138_0_6532.jpeg,yellow_soil_03074.jpg,yellow soil
red_soil_150_0_8246.jpeg,yellow_soil_03075.jpg,yellow soil
red_soil_149_0_5321.jpeg,yellow_soil_03076.jpg,yellow soil
yellow_soil_25_0_5264.jpeg,yellow_soil_03077.jpg,yellow soil
yellow_soil_145_0_7994.jpeg,yellow_soil_03078.jpg,yellow soil
red_soil_147_0_9277.jpeg,yellow_soil_03079.jpg,yellow soil
red_soil_18_0_1189.jpeg,yellow_soil_03080.jpg,yellow soil
red_soil_126_0_8215.jpeg,yellow_soil_03081.jpg,yellow soil
yellow_soil_138_0_3224.jpeg,yellow_soil_03082.jpg,yellow soil
red_soil_57_0_2013.jpeg,yellow_soil_03083.jpg,yellow soil
red_soil_48_0_6200.jpeg,yellow_soil_03084.jpg,yellow soil
red_soil_124_0_9796.jpeg,yellow_soil_03085.jpg,yellow soil
red_soil_131_0_1190.jpeg,yellow_soil_03086.jpg,yellow soil
yellow_soil_32_0_8272.jpeg,yellow_soil_03087.jpg,yellow soil
yellow_soil_25_0_261.jpeg,yellow_soil_03088.jpg,yellow soil
red_soil_141_0_5744.jpeg,yellow_soil_03089.jpg,yellow soil
yellow_soil_141_0_4225.jpeg,yellow_soil_03090.jpg,yellow soil
red_soil_146_0_2621.jpeg,yellow_soil_03091.jpg,yellow soil
red_soil_109_0_9592.jpeg,yellow_soil_03092.jpg,yellow soil
red_soil_138_0_8302.jpeg,yellow_soil_03093.jpg,yellow soil
red_soil_129_0_4573.jpeg,yellow_soil_03094.jpg,yellow soil
yellow_soil_131_0_4015.jpeg,yellow_soil_03095.jpg,yellow soil
yellow_soil_114_0_4893.jpeg,yellow_soil_03096.jpg,yellow soil
red_soil_33_0_4742.jpeg,yellow_soil_03097.jpg,yellow soil
red_soil_126_0_5013.jpeg,yellow_soil_03098.jpg,yellow soil
yellow_soil_36_0_2603.jpeg,yellow_soil_03099.jpg,yellow soil
red_soil_107_0_5255.jpeg,yellow_soil_03100.jpg,yellow soil
red_soil_159_0_5075.jpeg,yellow_soil_03101.jpg,yellow soil
red_soil_7_0_2651.jpeg,yellow_soil_03102.jpg,yellow soil
red_soil_137_0_1596.jpeg,yellow_soil_03103.jpg,yellow soil
red_soil_151_0_5137.jpeg,yellow_soil_03104.jpg,yellow soil
yellow_soil_29_0_3412.jpeg,yellow_soil_03105.jpg,yellow soil
red_soil_67_0_7456.jpeg,yellow_soil_03106.jpg,yellow soil
red_soil_6_0_2049.jpeg,yellow_soil_03107.jpg,yellow soil
red_soil_113_0_8284.jpeg,yellow_soil_03108.jpg,yellow soil
yellow_soil_162_0_5842.jpeg,yellow_soil_03109.jpg,yellow soil
red_soil_115_0_8085.jpeg,yellow_soil_03110.jpg,yellow soil
red_soil_133_0_1105.jpeg,yellow_soil_03111.jpg,yellow soil
red_soil_114_0_8202.jpeg,yellow_soil_03112.jpg,yellow soil
red_soil_148_0_6281.jpeg,yellow_soil_03113.jpg,yellow soil
red_soil_26_0_5876.jpeg,yellow_soil_03114.jpg,yellow soil
red_soil_80_0_8345.jpeg,yellow_soil_03115.jpg,yellow soil
red_soil_17_0_9513.jpeg,yellow_soil_03116.jpg,yellow soil
yellow_soil_151_0_9425.jpeg,yellow_soil_03117.jpg,yellow soil
yellow_soil_122_0_9157.jpeg,yellow_soil_03118.jpg,yellow soil
red_soil_120_0_9635.jpeg,yellow_soil_03119.jpg,yellow soil
red_soil_110_0_5431.jpeg,yellow_soil_03120.jpg,yellow soil
red_soil_124_0_6103.jpeg,yellow_soil_03121.jpg,yellow soil
red_soil_158_0_3351.jpeg,yellow_soil_03122.jpg,yellow soil
yellow_soil_114_0_294.jpeg,yellow_soil_03123.jpg,yellow soil
red_soil_153_0_5100.jpeg,yellow_soil_03124.jpg,yellow soil
yellow_soil_124_0_7547.jpeg,yellow_soil_03125.jpg,yellow soil
red_soil_162_0_6997.jpeg,yellow_soil_03126.jpg,yellow soil
red_soil_0_0_9743.jpeg,yellow_soil_03127.jpg,yellow soil
yellow_soil_130_0_3300.jpeg,yellow_soil_03128.jpg,yellow soil
red_soil_157_0_9989.jpeg,yellow_soil_03129.jpg,yellow soil
red_soil_126_0_938.jpeg,yellow_soil_03130.jpg,yellow soil
red_soil_142_0_1214.jpeg,yellow_soil_03131.jpg,yellow soil
red_soil_134_0_76.jpeg,yellow_soil_03132.jpg,yellow soil
red_soil_163_0_5676.jpeg,yellow_soil_03133.jpg,yellow soil
yellow_soil_27_0_9180.jpeg,yellow_soil_03134.jpg,yellow soil
yellow_soil_38_0_7629.jpeg,yellow_soil_03135.jpg,yellow soil
red_soil_128_0_9678.jpeg,yellow_soil_03136.jpg,yellow soil
yellow_soil_143_0_2240.jpeg,yellow_soil_03137.jpg,yellow soil
red_soil_69_0_9940.jpeg,yellow_soil_03138.jpg,yellow soil
red_soil_161_0_3844.jpeg,yellow_soil_03139.jpg,yellow soil
red_soil_108_0_2020.jpeg,yellow_soil_03140.jpg,yellow soil
red_soil_144_0_4341.jpeg,yellow_soil_03141.jpg,yellow soil
red_soil_61_0_5070.jpeg,yellow_soil_03142.jpg,yellow soil
red_soil_121_0_8124.jpeg,yellow_soil_03143.jpg,yellow soil
red_soil_156_0_1024.jpeg,yellow_soil_03144.jpg,yellow soil
red_soil_150_0_9877.jpeg,yellow_soil_03145.jpg,yellow soil
yellow_soil_121_0_6556.jpeg,yellow_soil_03146.jpg,yellow soil
yellow_soil_117_0_4306.jpeg,yellow_soil_03147.jpg,yellow soil
red_soil_138_0_3777.jpeg,yellow_soil_03148.jpg,yellow soil
red_soil_136_0_6353.jpeg,yellow_soil_03149.jpg,yellow soil
red_soil_13_0_1424.jpeg,yellow_soil_03150.jpg,yellow soil
yellow_soil_156_0_9002.jpeg,yellow_soil_03151.jpg,yellow soil
yellow_soil_34_0_9146.jpeg,yellow_soil_03152.jpg,yellow soil
yellow_soil_115_0_6517.jpeg,yellow_soil_03153.jpg,yellow soil
red_soil_58_0_5853.jpeg,yellow_soil_03154.jpg,yellow soil
red_soil_144_0_4267.jpeg,yellow_soil_03155.jpg,yellow soil
red_soil_156_0_1503.jpeg,yellow_soil_03156.jpg,yellow soil
red_soil_158_0_728.jpeg,yellow_soil_03157.jpg,yellow soil
red_soil_117_0_6421.jpeg,yellow_soil_03158.jpg,yellow soil
red_soil_159_0_556.jpeg,yellow_soil_03159.jpg,yellow soil
red_soil_57_0_5527.jpeg,yellow_soil_03160.jpg,yellow soil
yellow_soil_75_0_9625.jpeg,yellow_soil_03161.jpg,yellow soil
red_soil_163_0_2557.jpeg,yellow_soil_03162.jpg,yellow soil
red_soil_50_0_2592.jpeg,yellow_soil_03163.jpg,yellow soil
red_soil_141_0_8553.jpeg,yellow_soil_03164.jpg,yellow soil
yellow_soil_113_0_5499.jpeg,yellow_soil_03165.jpg,yellow soil
red_soil_38_0_729.jpeg,yellow_soil_03166.jpg,yellow soil
red_soil_159_0_7593.jpeg,yellow_soil_03167.jpg,yellow soil
red_soil_120_0_4204.jpeg,yellow_soil_03168.jpg,yellow soil
red_soil_164_0_6841.jpeg,yellow_soil_03169.jpg,yellow soil
yellow_soil_75_0_2159.jpeg,yellow_soil_03170.jpg,yellow soil
red_soil_125_0_9270.jpeg,yellow_soil_03171.jpg,yellow soil
yellow_soil_133_0_9489.jpeg,yellow_soil_03172.jpg,yellow soil
red_soil_116_0_8173.jpeg,yellow_soil_03173.jpg,yellow soil
yellow_soil_150_0_7076.jpeg,yellow_soil_03174.jpg,yellow soil
yellow_soil_160_0_1687.jpeg,yellow_soil_03175.jpg,yellow soil
red_soil_6_0_6555.jpeg,yellow_soil_03176.jpg,yellow soil
yellow_soil_153_0_1037.jpeg,yellow_soil_03177.jpg,yellow soil
yellow_soil_162_0_9772.jpeg,yellow_soil_03178.jpg,yellow soil
red_soil_154_0_4638.jpeg,yellow_soil_03179.jpg,yellow soil
red_soil_112_0_9691.jpeg,yellow_soil_03180.jpg,yellow soil
red_soil_117_0_1616.jpeg,yellow_soil_03181.jpg,yellow soil
red_soil_123_0_9301.jpeg,yellow_soil_03182.jpg,yellow soil
yellow_soil_109_0_7343.jpeg,yellow_soil_03183.jpg,yellow soil
red_soil_114_0_130.jpeg,yellow_soil_03184.jpg,yellow soil
red_soil_124_0_5710.jpeg,yellow_soil_03185.jpg,yellow soil
red_soil_34_0_8586.jpeg,yellow_soil_03186.jpg,yellow soil
red_soil_114_0_5743.jpeg,yellow_soil_03187.jpg,yellow soil
yellow_soil_161_0_9764.jpeg,yellow_soil_03188.jpg,yellow soil
red_soil_131_0_6278.jpeg,yellow_soil_03189.jpg,yellow soil
yellow_soil_148_0_6263.jpeg,yellow_soil_03190.jpg,yellow soil
red_soil_130_0_5908.jpeg,yellow_soil_03191.jpg,yellow soil
red_soil_81_0_6421.jpeg,yellow_soil_03192.jpg,yellow soil
red_soil_145_0_3666.jpeg,yellow_soil_03193.jpg,yellow soil
yellow_soil_117_0_6839.jpeg,yellow_soil_03194.jpg,yellow soil
yellow_soil_147_0_6709.jpeg,yellow_soil_03195.jpg,yellow soil
yellow_soil_35_0_2903.jpeg,yellow_soil_03196.jpg,yellow soil
red_soil_127_0_3574.jpeg,yellow_soil_03197.jpg,yellow soil
red_soil_151_0_7836.jpeg,yellow_soil_03198.jpg,yellow soil
yellow_soil_164_0_6468.jpeg,yellow_soil_03199.jpg,yellow soil
red_soil_155_0_1582.jpeg,yellow_soil_03200.jpg,yellow soil
red_soil_162_0_332.jpeg,yellow_soil_03201.jpg,yellow soil
yellow_soil_112_0_5059.jpeg,yellow_soil_03202.jpg,yellow soil
red_soil_131_0_1858.jpeg,yellow_soil_03203.jpg,yellow soil
red_soil_148_0_8630.jpeg,yellow_soil_03204.jpg,yellow soil
red_soil_162_0_6233.jpeg,yellow_soil_03205.jpg,yellow soil
red_soil_151_0_1312.jpeg,yellow_soil_03206.jpg,yellow soil
red_soil_31_0_4787.jpeg,yellow_soil_03207.jpg,yellow soil
red_soil_133_0_8244.jpeg,yellow_soil_03208.jpg,yellow soil
red_soil_4_0_4709.jpeg,yellow_soil_03209.jpg,yellow soil
red_soil_64_0_7217.jpeg,yellow_soil_03210.jpg,yellow soil
yellow_soil_163_0_3446.jpeg,yellow_soil_03211.jpg,yellow soil
yellow_soil_158_0_5360.jpeg,yellow_soil_03212.jpg,yellow soil
red_soil_112_0_2288.jpeg,yellow_soil_03213.jpg,yellow soil
red_soil_49_0_7217.jpeg,yellow_soil_03214.jpg,yellow soil
red_soil_135_0_9065.jpeg,yellow_soil_03215.jpg,yellow soil
red_soil_16_0_4930.jpeg,yellow_soil_03216.jpg,yellow soil
red_soil_31_0_5197.jpeg,yellow_soil_03217.jpg,yellow soil
red_soil_143_0_4690.jpeg,yellow_soil_03218.jpg,yellow soil
yellow_soil_141_0_4064.jpeg,yellow_soil_03219.jpg,yellow soil
yellow_soil_111_0_7098.jpeg,yellow_soil_03220.jpg,yellow soil
red_soil_81_0_3909.jpeg,yellow_soil_03221.jpg,yellow soil
red_soil_39_0_8950.jpeg,yellow_soil_03222.jpg,yellow soil
red_soil_130_0_6625.jpeg,yellow_soil_03223.jpg,yellow soil
yellow_soil_1_0_41.jpeg,yellow_soil_03224.jpg,yellow soil
yellow_soil_157_0_9342.jpeg,yellow_soil_03225.jpg,yellow soil
red_soil_129_0_5445.jpeg,yellow_soil_03226.jpg,yellow soil
yellow_soil_34_0_3666.jpeg,yellow_soil_03227.jpg,yellow soil
red_soil_155_0_6836.jpeg,yellow_soil_03228.jpg,yellow soil
yellow_soil_145_0_6853.jpeg,yellow_soil_03229.jpg,yellow soil
red_soil_31_0_3603.jpeg,yellow_soil_03230.jpg,yellow soil
yellow_soil_156_0_7872.jpeg,yellow_soil_03231.jpg,yellow soil
yellow_soil_159_0_8734.jpeg,yellow_soil_03232.jpg,yellow soil
red_soil_62_0_6631.jpeg,yellow_soil_03233.jpg,yellow soil
red_soil_139_0_7499.jpeg,yellow_soil_03234.jpg,yellow soil
red_soil_80_0_4086.jpeg,yellow_soil_03235.jpg,yellow soil
red_soil_67_0_7522.jpeg,yellow_soil_03236.jpg,yellow soil
red_soil_66_0_192.jpeg,yellow_soil_03237.jpg,yellow soil
red_soil_110_0_9169.jpeg,yellow_soil_03238.jpg,yellow soil
yellow_soil_4_0_8307.jpeg,yellow_soil_03239.jpg,yellow soil
yellow_soil_26_0_1878.jpeg,yellow_soil_03240.jpg,yellow soil
red_soil_135_0_9835.jpeg,yellow_soil_03241.jpg,yellow soil
red_soil_142_0_3131.jpeg,yellow_soil_03242.jpg,yellow soil
red_soil_143_0_7045.jpeg,yellow_soil_03243.jpg,yellow soil
yellow_soil_113_0_7019.jpeg,yellow_soil_03244.jpg,yellow soil
red_soil_8_0_6750.jpeg,yellow_soil_03245.jpg,yellow soil
red_soil_137_0_6650.jpeg,yellow_soil_03246.jpg,yellow soil
yellow_soil_32_0_5409.jpeg,yellow_soil_03247.jpg,yellow soil
red_soil_27_0_3634.jpeg,yellow_soil_03248.jpg,yellow soil
red_soil_3_0_8712.jpeg,yellow_soil_03249.jpg,yellow soil
red_soil_31_0_4916.jpeg,yellow_soil_03250.jpg,yellow soil
red_soil_4_0_6597.jpeg,yellow_soil_03251.jpg,yellow soil
yellow_soil_37_0_8452.jpeg,yellow_soil_03252.jpg,yellow soil
yellow_soil_74_0_849.jpeg,yellow_soil_03253.jpg,yellow soil
red_soil_122_0_281.jpeg,yellow_soil_03254.jpg,yellow soil
red_soil_72_0_5171.jpeg,yellow_soil_03255.jpg,yellow soil
yellow_soil_112_0_4718.jpeg,yellow_soil_03256.jpg,yellow soil
red_soil_116_0_4790.jpeg,yellow_soil_03257.jpg,yellow soil
red_soil_1_0_7141.jpeg,yellow_soil_03258.jpg,yellow soil
yellow_soil_73_0_2846.jpeg,yellow_soil_03259.jpg,yellow soil
red_soil_157_0_5315.jpeg,yellow_soil_03260.jpg,yellow soil
yellow_soil_164_0_6396.jpeg,yellow_soil_03261.jpg,yellow soil
yellow_soil_135_0_1299.jpeg,yellow_soil_03262.jpg,yellow soil
red_soil_147_0_3973.jpeg,yellow_soil_03263.jpg,yellow soil
yellow_soil_3_0_2450.jpeg,yellow_soil_03264.jpg,yellow soil
yellow_soil_153_0_3750.jpeg,yellow_soil_03265.jpg,yellow soil
red_soil_130_0_7397.jpeg,yellow_soil_03266.jpg,yellow soil
yellow_soil_120_0_382.jpeg,yellow_soil_03267.jpg,yellow soil
red_soil_32_0_5493.jpeg,yellow_soil_03268.jpg,yellow soil
red_soil_71_0_2243.jpeg,yellow_soil_03269.jpg,yellow soil
red_soil_68_0_5620.jpeg,yellow_soil_03270.jpg,yellow soil
red_soil_144_0_1706.jpeg,yellow_soil_03271.jpg,yellow soil
yellow_soil_142_0_7672.jpeg,yellow_soil_03272.jpg,yellow soil
red_soil_136_0_8448.jpeg,yellow_soil_03273.jpg,yellow soil
red_soil_28_0_1541.jpeg,yellow_soil_03274.jpg,yellow soil
red_soil_123_0_1997.jpeg,yellow_soil_03275.jpg,yellow soil
red_soil_9_0_5426.jpeg,yellow_soil_03276.jpg,yellow soil
yellow_soil_155_0_693.jpeg,yellow_soil_03277.jpg,yellow soil
red_soil_65_0_7133.jpeg,yellow_soil_03278.jpg,yellow soil
red_soil_37_0_8195.jpeg,yellow_soil_03279.jpg,yellow soil
yellow_soil_140_0_1806.jpeg,yellow_soil_03280.jpg,yellow soil
yellow_soil_139_0_6132.jpeg,yellow_soil_03281.jpg,yellow soil
yellow_soil_132_0_8996.jpeg,yellow_soil_03282.jpg,yellow soil
red_soil_5_0_3843.jpeg,yellow_soil_03283.jpg,yellow soil
red_soil_163_0_2718.jpeg,yellow_soil_03284.jpg,yellow soil
yellow_soil_125_0_8225.jpeg,yellow_soil_03285.jpg,yellow soil
yellow_soil_107_0_1870.jpeg,yellow_soil_03286.jpg,yellow soil
yellow_soil_35_0_7544.jpeg,yellow_soil_03287.jpg,yellow soil
red_soil_33_0_3811.jpeg,yellow_soil_03288.jpg,yellow soil
red_soil_119_0_9534.jpeg,yellow_soil_03289.jpg,yellow soil
red_soil_143_0_369.jpeg,yellow_soil_03290.jpg,yellow soil
yellow_soil_157_0_1445.jpeg,yellow_soil_03291.jpg,yellow soil
red_soil_126_0_925.jpeg,yellow_soil_03292.jpg,yellow soil
red_soil_153_0_295.jpeg,yellow_soil_03293.jpg,yellow soil
red_soil_29_0_2694.jpeg,yellow_soil_03294.jpg,yellow soil
yellow_soil_146_0_8315.jpeg,yellow_soil_03295.jpg,yellow soil
red_soil_141_0_9972.jpeg,yellow_soil_03296.jpg,yellow soil
red_soil_17_0_3444.jpeg,yellow_soil_03297.jpg,yellow soil
yellow_soil_118_0_3979.jpeg,yellow_soil_03298.jpg,yellow soil
red_soil_157_0_4747.jpeg,yellow_soil_03299.jpg,yellow soil
red_soil_109_0_3621.jpeg,yellow_soil_03300.jpg,yellow soil
red_soil_12_0_3634.jpeg,yellow_soil_03301.jpg,yellow soil
yellow_soil_109_0_2723.jpeg,yellow_soil_03302.jpg,yellow soil
red_soil_136_0_8718.jpeg,yellow_soil_03303.jpg,yellow soil
red_soil_128_0_3794.jpeg,yellow_soil_03304.jpg,yellow soil
yellow_soil_108_0_2275.jpeg,yellow_soil_03305.jpg,yellow soil
black_soil_113_0_4090.jpeg,black_soil_03306.jpg,black soil
black_soil_20_0_5377.jpeg,black_soil_03307.jpg,black soil
black_soil_122_0_4439.jpeg,black_soil_03308.jpg,black soil
black_soil_128_0_5587.jpeg,black_soil_03309.jpg,black soil
black_soil_29_0_9625.jpeg,black_soil_03310.jpg,black soil
black_soil_44_0_2806.jpeg,black_soil_03311.jpg,black soil
black_soil_133_0_7968.jpeg,black_soil_03312.jpg,black soil
black_soil_18_0_248.jpeg,black_soil_03313.jpg,black soil
black_soil_81_0_4231.jpeg,black_soil_03314.jpg,black soil
black_soil_139_0_8447.jpeg,black_soil_03315.jpg,black soil
black_soil_41_0_1339.jpeg,black_soil_03316.jpg,black soil
black_soil_64_0_8562.jpeg,black_soil_03317.jpg,black soil
black_soil_12_0_521.jpeg,black_soil_03318.jpg,black soil
black_soil_160_0_7474.jpeg,black_soil_03319.jpg,black soil
black_soil_36_0_508.jpeg,black_soil_03320.jpg,black soil
black_soil_6_0_1902.jpeg,black_soil_03321.jpg,black soil
black_soil_161_0_5107.jpeg,black_soil_03322.jpg,black soil
black_soil_130_0_546.jpeg,black_soil_03323.jpg,black soil
black_soil_108_0_8247.jpeg,black_soil_03324.jpg,black soil
black_soil_22_0_8920.jpeg,black_soil_03325.jpg,black soil
black_soil_136_0_9786.jpeg,black_soil_03326.jpg,black soil
black_soil_60_0_7923.jpeg,black_soil_03327.jpg,black soil
black_soil_17_0_6268.jpeg,black_soil_03328.jpg,black soil
black_soil_48_0_8561.jpeg,black_soil_03329.jpg,black soil
black_soil_138_0_6840.jpeg,black_soil_03330.jpg,black soil
black_soil_73_0_4148.jpeg,black_soil_03331.jpg,black soil
black_soil_95_0_1351.jpeg,black_soil_03332.jpg,black soil
black_soil_14_0_5100.jpeg,black_soil_03333.jpg,black soil
black_soil_112_0_1099.jpeg,black_soil_03334.jpg,black soil
black_soil_108_0_999.jpeg,black_soil_03335.jpg,black soil
black_soil_19_0_8322.jpeg,black_soil_03336.jpg,black soil
black_soil_48_0_8710.jpeg,black_soil_03337.jpg,black soil
black_soil_121_0_1378.jpeg,black_soil_03338.jpg,black soil
black_soil_53_0_4282.jpeg,black_soil_03339.jpg,black soil
black_soil_107_0_5681.jpeg,black_soil_03340.jpg,black soil
black_soil_71_0_6827.jpeg,black_soil_03341.jpg,black soil
black_soil_72_0_7443.jpeg,black_soil_03342.jpg,black soil
black_soil_55_0_1213.jpeg,black_soil_03343.jpg,black soil
black_soil_96_0_9316.jpeg,black_soil_03344.jpg,black soil
black_soil_57_0_7842.jpeg,black_soil_03345.jpg,black soil
black_soil_92_0_3833.jpeg,black_soil_03346.jpg,black soil
black_soil_61_0_5795.jpeg,black_soil_03347.jpg,black soil
black_soil_152_0_2841.jpeg,black_soil_03348.jpg,black soil
black_soil_46_0_7178.jpeg,black_soil_03349.jpg,black soil
black_soil_26_0_631.jpeg,black_soil_03350.jpg,black soil
black_soil_100_0_5981.jpeg,black_soil_03351.jpg,black soil
black_soil_66_0_6867.jpeg,black_soil_03352.jpg,black soil
black_soil_43_0_1362.jpeg,black_soil_03353.jpg,black soil
black_soil_45_0_81.jpeg,black_soil_03354.jpg,black soil
black_soil_29_0_130.jpeg,black_soil_03355.jpg,black soil
black_soil_123_0_3900.jpeg,black_soil_03356.jpg,black soil
black_soil_1_0_6383.jpeg,black_soil_03357.jpg,black soil
black_soil_20_0_6937.jpeg,black_soil_03358.jpg,black soil
black_soil_18_0_8514.jpeg,black_soil_03359.jpg,black soil
black_soil_20_0_8223.jpeg,black_soil_03360.jpg,black soil
black_soil_131_0_567.jpeg,black_soil_03361.jpg,black soil
black_soil_27_0_5678.jpeg,black_soil_03362.jpg,black soil
black_soil_36_0_8159.jpeg,black_soil_03363.jpg,black soil
black_soil_83_0_8204.jpeg,black_soil_03364.jpg,black soil
black_soil_124_0_335.jpeg,black_soil_03365.jpg,black soil
black_soil_107_0_4751.jpeg,black_soil_03366.jpg,black soil
black_soil_31_0_2350.jpeg,black_soil_03367.jpg,black soil
black_soil_3_0_2890.jpeg,black_soil_03368.jpg,black soil
black_soil_60_0_5103.jpeg,black_soil_03369.jpg,black soil
black_soil_35_0_2511.jpeg,black_soil_03370.jpg,black soil
black_soil_135_0_6510.jpeg,black_soil_03371.jpg,black soil
black_soil_25_0_8499.jpeg,black_soil_03372.jpg,black soil
black_soil_114_0_533.jpeg,black_soil_03373.jpg,black soil
black_soil_59_0_4349.jpeg,black_soil_03374.jpg,black soil
black_soil_148_0_4734.jpeg,black_soil_03375.jpg,black soil
black_soil_115_0_1282.jpeg,black_soil_03376.jpg,black soil
black_soil_144_0_5549.jpeg,black_soil_03377.jpg,black soil
black_soil_138_0_5865.jpeg,black_soil_03378.jpg,black soil
black_soil_35_0_7699.jpeg,black_soil_03379.jpg,black soil
black_soil_79_0_9829.jpeg,black_soil_03380.jpg,black soil
black_soil_62_0_7860.jpeg,black_soil_03381.jpg,black soil
black_soil_134_0_2079.jpeg,black_soil_03382.jpg,black soil
black_soil_37_0_5170.jpeg,black_soil_03383.jpg,black soil
black_soil_66_0_3354.jpeg,black_soil_03384.jpg,black soil
black_soil_68_0_9782.jpeg,black_soil_03385.jpg,black soil
black_soil_122_0_1079.jpeg,black_soil_03386.jpg,black soil
black_soil_153_0_8083.jpeg,black_soil_03387.jpg,black soil
black_soil_118_0_1031.jpeg,black_soil_03388.jpg,black soil
black_soil_34_0_8296.jpeg,black_soil_03389.jpg,black soil
black_soil_55_0_5903.jpeg,black_soil_03390.jpg,black soil
black_soil_41_0_7998.jpeg,black_soil_03391.jpg,black soil
black_soil_144_0_6813.jpeg,black_soil_03392.jpg,black soil
black_soil_31_0_7593.jpeg,black_soil_03393.jpg,black soil
black_soil_61_0_9193.jpeg,black_soil_03394.jpg,black soil
black_soil_144_0_6916.jpeg,black_soil_03395.jpg,black soil
black_soil_90_0_7357.jpeg,black_soil_03396.jpg,black soil
black_soil_53_0_1981.jpeg,black_soil_03397.jpg,black soil
black_soil_5_0_5652.jpeg,black_soil_03398.jpg,black soil
black_soil_59_0_464.jpeg,black_soil_03399.jpg,black soil
black_soil_16_0_3110.jpeg,black_soil_03400.jpg,black soil
black_soil_114_0_3982.jpeg,black_soil_03401.jpg,black soil
black_soil_156_0_4906.jpeg,black_soil_03402.jpg,black soil
black_soil_11_0_3912.jpeg,black_soil_03403.jpg,black soil
black_soil_139_0_1530.jpeg,black_soil_03404.jpg,black soil
black_soil_40_0_5835.jpeg,black_soil_03405.jpg,black soil
black_soil_39_0_2499.jpeg,black_soil_03406.jpg,black soil
black_soil_61_0_3233.jpeg,black_soil_03407.jpg,black soil
black_soil_12_0_6054.jpeg,black_soil_03408.jpg,black soil
black_soil_115_0_3403.jpeg,black_soil_03409.jpg,black soil
black_soil_98_0_9103.jpeg,black_soil_03410.jpg,black soil
black_soil_3_0_1154.jpeg,black_soil_03411.jpg,black soil
black_soil_40_0_6730.jpeg,black_soil_03412.jpg,black soil
black_soil_80_0_4436.jpeg,black_soil_03413.jpg,black soil
black_soil_139_0_3242.jpeg,black_soil_03414.jpg,black soil
black_soil_55_0_3830.jpeg,black_soil_03415.jpg,black soil
black_soil_154_0_2265.jpeg,black_soil_03416.jpg,black soil
black_soil_24_0_5566.jpeg,black_soil_03417.jpg,black soil
black_soil_54_0_3468.jpeg,black_soil_03418.jpg,black soil
black_soil_84_0_852.jpeg,black_soil_03419.jpg,black soil
black_soil_91_0_2762.jpeg,black_soil_03420.jpg,black soil
black_soil_43_0_2798.jpeg,black_soil_03421.jpg,black soil
black_soil_111_0_3618.jpeg,black_soil_03422.jpg,black soil
black_soil_150_0_844.jpeg,black_soil_03423.jpg,black soil
black_soil_57_0_321.jpeg,black_soil_03424.jpg,black soil
black_soil_4_0_740.jpeg,black_soil_03425.jpg,black soil
black_soil_40_0_8367.jpeg,black_soil_03426.jpg,black soil
black_soil_79_0_9822.jpeg,black_soil_03427.jpg,black soil
black_soil_15_0_8639.jpeg,black_soil_03428.jpg,black soil
black_soil_52_0_62.jpeg,black_soil_03429.jpg,black soil
black_soil_117_0_6196.jpeg,black_soil_03430.jpg,black soil
black_soil_149_0_8042.jpeg,black_soil_03431.jpg,black soil
black_soil_76_0_9993.jpeg,black_soil_03432.jpg,black soil
black_soil_151_0_1561.jpeg,black_soil_03433.jpg,black soil
black_soil_107_0_3570.jpeg,black_soil_03434.jpg,black soil
black_soil_134_0_4687.jpeg,black_soil_03435.jpg,black soil
black_soil_12_0_9833.jpeg,black_soil_03436.jpg,black soil
black_soil_46_0_9928.jpeg,black_soil_03437.jpg,black soil
black_soil_59_0_6435.jpeg,black_soil_03438.jpg,black soil
black_soil_117_0_6131.jpeg,black_soil_03439.jpg,black soil
black_soil_102_0_9389.jpeg,black_soil_03440.jpg,black soil
black_soil_24_0_8401.jpeg,black_soil_03441.jpg,black soil
black_soil_77_0_7118.jpeg,black_soil_03442.jpg,black soil
black_soil_29_0_5885.jpeg,black_soil_03443.jpg,black soil
black_soil_29_0_8111.jpeg,black_soil_03444.jpg,black soil
black_soil_63_0_8006.jpeg,black_soil_03445.jpg,black soil
black_soil_43_0_7263.jpeg,black_soil_03446.jpg,black soil
black_soil_154_0_1955.jpeg,black_soil_03447.jpg,black soil
black_soil_120_0_7472.jpeg,black_soil_03448.jpg,black soil
black_soil_91_0_8458.jpeg,black_soil_03449.jpg,black soil
black_soil_86_0_3213.jpeg,black_soil_03450.jpg,black soil
black_soil_54_0_3295.jpeg,black_soil_03451.jpg,black soil
black_soil_13_0_4820.jpeg,black_soil_03452.jpg,black soil
black_soil_26_0_9733.jpeg,black_soil_03453.jpg,black soil
black_soil_111_0_7575.jpeg,black_soil_03454.jpg,black soil
black_soil_42_0_5585.jpeg,black_soil_03455.jpg,black soil
black_soil_64_0_6773.jpeg,black_soil_03456.jpg,black soil
black_soil_41_0_1867.jpeg,black_soil_03457.jpg,black soil
black_soil_15_0_3721.jpeg,black_soil_03458.jpg,black soil
black_soil_19_0_4853.jpeg,black_soil_03459.jpg,black soil
black_soil_129_0_1567.jpeg,black_soil_03460.jpg,black soil
black_soil_145_0_4591.jpeg,black_soil_03461.jpg,black soil
black_soil_106_0_8421.jpeg,black_soil_03462.jpg,black soil
black_soil_56_0_2863.jpeg,black_soil_03463.jpg,black soil
black_soil_102_0_7412.jpeg,black_soil_03464.jpg,black soil
black_soil_135_0_254.jpeg,black_soil_03465.jpg,black soil
black_soil_13_0_2588.jpeg,black_soil_03466.jpg,black soil
black_soil_69_0_1037.jpeg,black_soil_03467.jpg,black soil
black_soil_28_0_2616.jpeg,black_soil_03468.jpg,black soil
black_soil_95_0_4312.jpeg,black_soil_03469.jpg,black soil
black_soil_152_0_8863.jpeg,black_soil_03470.jpg,black soil
black_soil_93_0_9254.jpeg,black_soil_03471.jpg,black soil
black_soil_147_0_505.jpeg,black_soil_03472.jpg,black soil
black_soil_107_0_5613.jpeg,black_soil_03473.jpg,black soil
black_soil_89_0_3529.jpeg,black_soil_03474.jpg,black soil
black_soil_109_0_5818.jpeg,black_soil_03475.jpg,black soil
black_soil_33_0_2126.jpeg,black_soil_03476.jpg,black soil
black_soil_82_0_237.jpeg,black_soil_03477.jpg,black soil
black_soil_8_0_1601.jpeg,black_soil_03478.jpg,black soil
black_soil_13_0_5961.jpeg,black_soil_03479.jpg,black soil
black_soil_47_0_3035.jpeg,black_soil_03480.jpg,black soil
black_soil_106_0_993.jpeg,black_soil_03481.jpg,black soil
black_soil_0_0_1377.jpeg,black_soil_03482.jpg,black soil
black_soil_131_0_1700.jpeg,black_soil_03483.jpg,black soil
black_soil_137_0_1551.jpeg,black_soil_03484.jpg,black soil
black_soil_38_0_1860.jpeg,black_soil_03485.jpg,black soil
black_soil_14_0_9621.jpeg,black_soil_03486.jpg,black soil
black_soil_51_0_8229.jpeg,black_soil_03487.jpg,black soil
black_soil_86_0_112.jpeg,black_soil_03488.jpg,black soil
black_soil_31_0_2791.jpeg,black_soil_03489.jpg,black soil
black_soil_56_0_659.jpeg,black_soil_03490.jpg,black soil
black_soil_62_0_9671.jpeg,black_soil_03491.jpg,black soil
black_soil_132_0_3810.jpeg,black_soil_03492.jpg,black soil
black_soil_51_0_8892.jpeg,black_soil_03493.jpg,black soil
black_soil_159_0_3791.jpeg,black_soil_03494.jpg,black soil
black_soil_50_0_545.jpeg,black_soil_03495.jpg,black soil
black_soil_82_0_4630.jpeg,black_soil_03496.jpg,black soil
black_soil_11_0_6260.jpeg,black_soil_03497.jpg,black soil
black_soil_88_0_9591.jpeg,black_soil_03498.jpg,black soil
black_soil_77_0_9512.jpeg,black_soil_03499.jpg,black soil
black_soil_81_0_9334.jpeg,black_soil_03500.jpg,black soil
black_soil_37_0_8025.jpeg,black_soil_03501.jpg,black soil
black_soil_134_0_5246.jpeg,black_soil_03502.jpg,black soil
black_soil_21_0_306.jpeg,black_soil_03503.jpg,black soil
black_soil_145_0_7840.jpeg,black_soil_03504.jpg,black soil
black_soil_33_0_7549.jpeg,black_soil_03505.jpg,black soil
black_soil_66_0_3179.jpeg,black_soil_03506.jpg,black soil
black_soil_78_0_9234.jpeg,black_soil_03507.jpg,black soil
black_soil_89_0_5542.jpeg,black_soil_03508.jpg,black soil
black_soil_24_0_5471.jpeg,black_soil_03509.jpg,black soil
black_soil_151_0_2313.jpeg,black_soil_03510.jpg,black soil
black_soil_132_0_261.jpeg,black_soil_03511.jpg,black soil
black_soil_147_0_7435.jpeg,black_soil_03512.jpg,black soil
black_soil_49_0_4282.jpeg,black_soil_03513.jpg,black soil
black_soil_94_0_4168.jpeg,black_soil_03514.jpg,black soil
black_soil_25_0_7635.jpeg,black_soil_03515.jpg,black soil
black_soil_84_0_1309.jpeg,black_soil_03516.jpg,black soil
black_soil_87_0_6767.jpeg,black_soil_03517.jpg,black soil
black_soil_36_0_3580.jpeg,black_soil_03518.jpg,black soil
black_soil_112_0_8989.jpeg,black_soil_03519.jpg,black soil
black_soil_85_0_3051.jpeg,black_soil_03520.jpg,black soil
black_soil_135_0_9426.jpeg,black_soil_03521.jpg,black soil
black_soil_76_0_1959.jpeg,black_soil_03522.jpg,black soil
black_soil_160_0_6509.jpeg,black_soil_03523.jpg,black soil
black_soil_151_0_2604.jpeg,black_soil_03524.jpg,black soil
black_soil_60_0_896.jpeg,black_soil_03525.jpg,black soil
black_soil_83_0_4307.jpeg,black_soil_03526.jpg,black soil
black_soil_4_0_92.jpeg,black_soil_03527.jpg,black soil
black_soil_161_0_350.jpeg,black_soil_03528.jpg,black soil
black_soil_129_0_4872.jpeg,black_soil_03529.jpg,black soil
black_soil_142_0_1204.jpeg,black_soil_03530.jpg,black soil
black_soil_154_0_9774.jpeg,black_soil_03531.jpg,black soil
black_soil_113_0_1355.jpeg,black_soil_03532.jpg,black soil
black_soil_132_0_2311.jpeg,black_soil_03533.jpg,black soil
black_soil_99_0_9325.jpeg,black_soil_03534.jpg,black soil
black_soil_119_0_7161.jpeg,black_soil_03535.jpg,black soil
black_soil_38_0_5915.jpeg,black_soil_03536.jpg,black soil
black_soil_150_0_8315.jpeg,black_soil_03537.jpg,black soil
black_soil_152_0_7772.jpeg,black_soil_03538.jpg,black soil
black_soil_62_0_2084.jpeg,black_soil_03539.jpg,black soil
black_soil_147_0_2200.jpeg,black_soil_03540.jpg,black soil
black_soil_65_0_1590.jpeg,black_soil_03541.jpg,black soil
black_soil_87_0_8661.jpeg,black_soil_03542.jpg,black soil
black_soil_65_0_5326.jpeg,black_soil_03543.jpg,black soil
black_soil_15_0_145.jpeg,black_soil_03544.jpg,black soil
black_soil_75_0_6935.jpeg,black_soil_03545.jpg,black soil
black_soil_123_0_7076.jpeg,black_soil_03546.jpg,black soil
black_soil_54_0_6748.jpeg,black_soil_03547.jpg,black soil
black_soil_110_0_4862.jpeg,black_soil_03548.jpg,black soil
black_soil_82_0_5312.jpeg,black_soil_03549.jpg,black soil
black_soil_140_0_5856.jpeg,black_soil_03550.jpg,black soil
black_soil_28_0_5996.jpeg,black_soil_03551.jpg,black soil
black_soil_73_0_6492.jpeg,black_soil_03552.jpg,black soil
black_soil_155_0_6758.jpeg,black_soil_03553.jpg,black soil
black_soil_35_0_5809.jpeg,black_soil_03554.jpg,black soil
black_soil_133_0_6814.jpeg,black_soil_03555.jpg,black soil
black_soil_125_0_9209.jpeg,black_soil_03556.jpg,black soil
black_soil_79_0_1540.jpeg,black_soil_03557.jpg,black soil
black_soil_59_0_3704.jpeg,black_soil_03558.jpg,black soil
black_soil_98_0_5787.jpeg,black_soil_03559.jpg,black soil
black_soil_69_0_5136.jpeg,black_soil_03560.jpg,black soil
black_soil_6_0_4178.jpeg,black_soil_03561.jpg,black soil
black_soil_103_0_1259.jpeg,black_soil_03562.jpg,black soil
black_soil_75_0_7050.jpeg,black_soil_03563.jpg,black soil
black_soil_16_0_3864.jpeg,black_soil_03564.jpg,black soil
black_soil_64_0_6507.jpeg,black_soil_03565.jpg,black soil
black_soil_94_0_8987.jpeg,black_soil_03566.jpg,black soil
black_soil_34_0_9203.jpeg,black_soil_03567.jpg,black soil
black_soil_75_0_1445.jpeg,black_soil_03568.jpg,black soil
black_soil_102_0_336.jpeg,black_soil_03569.jpg,black soil
black_soil_122_0_5961.jpeg,black_soil_03570.jpg,black soil
black_soil_86_0_5169.jpeg,black_soil_03571.jpg,black soil
black_soil_65_0_9929.jpeg,black_soil_03572.jpg,black soil
black_soil_121_0_4638.jpeg,black_soil_03573.jpg,black soil
black_soil_4_0_108.jpeg,black_soil_03574.jpg,black soil
black_soil_89_0_8690.jpeg,black_soil_03575.jpg,black soil
black_soil_143_0_7030.jpeg,black_soil_03576.jpg,black soil
black_soil_21_0_9296.jpeg,black_soil_03577.jpg,black soil
black_soil_32_0_9963.jpeg,black_soil_03578.jpg,black soil
black_soil_161_0_9945.jpeg,black_soil_03579.jpg,black soil
black_soil_109_0_436.jpeg,black_soil_03580.jpg,black soil
black_soil_119_0_9965.jpeg,black_soil_03581.jpg,black soil
black_soil_121_0_5686.jpeg,black_soil_03582.jpg,black soil
black_soil_87_0_8454.jpeg,black_soil_03583.jpg,black soil
black_soil_159_0_1777.jpeg,black_soil_03584.jpg,black soil
black_soil_62_0_7888.jpeg,black_soil_03585.jpg,black soil
black_soil_3_0_4678.jpeg,black_soil_03586.jpg,black soil
black_soil_130_0_3925.jpeg,black_soil_03587.jpg,black soil
black_soil_56_0_3056.jpeg,black_soil_03588.jpg,black soil
black_soil_109_0_1722.jpeg,black_soil_03589.jpg,black soil
black_soil_58_0_9335.jpeg,black_soil_03590.jpg,black soil
black_soil_15_0_5141.jpeg,black_soil_03591.jpg,black soil
black_soil_118_0_8020.jpeg,black_soil_03592.jpg,black soil
black_soil_148_0_5305.jpeg,black_soil_03593.jpg,black soil
black_soil_53_0_7189.jpeg,black_soil_03594.jpg,black soil
black_soil_112_0_1515.jpeg,black_soil_03595.jpg,black soil
black_soil_143_0_3300.jpeg,black_soil_03596.jpg,black soil
black_soil_30_0_9827.jpeg,black_soil_03597.jpg,black soil
black_soil_122_0_3241.jpeg,black_soil_03598.jpg,black soil
black_soil_138_0_5206.jpeg,black_soil_03599.jpg,black soil
black_soil_131_0_4459.jpeg,black_soil_03600.jpg,black soil
black_soil_106_0_8114.jpeg,black_soil_03601.jpg,black soil
black_soil_150_0_2761.jpeg,black_soil_03602.jpg,black soil
black_soil_45_0_6423.jpeg,black_soil_03603.jpg,black soil
black_soil_77_0_6690.jpeg,black_soil_03604.jpg,black soil
black_soil_44_0_2060.jpeg,black_soil_03605.jpg,black soil
black_soil_124_0_9220.jpeg,black_soil_03606.jpg,black soil
black_soil_157_0_9591.jpeg,black_soil_03607.jpg,black soil
black_soil_42_0_2931.jpeg,black_soil_03608.jpg,black soil
black_soil_69_0_4913.jpeg,black_soil_03609.jpg,black soil
black_soil_71_0_6297.jpeg,black_soil_03610.jpg,black soil
black_soil_124_0_1855.jpeg,black_soil_03611.jpg,black soil
black_soil_19_0_4796.jpeg,black_soil_03612.jpg,black soil
black_soil_78_0_5949.jpeg,black_soil_03613.jpg,black soil
black_soil_77_0_2617.jpeg,black_soil_03614.jpg,black soil
black_soil_130_0_4127.jpeg,black_soil_03615.jpg,black soil
black_soil_81_0_1027.jpeg,black_soil_03616.jpg,black soil
black_soil_75_0_3993.jpeg,black_soil_03617.jpg,black soil
black_soil_129_0_9736.jpeg,black_soil_03618.jpg,black soil
black_soil_117_0_3586.jpeg,black_soil_03619.jpg,black soil
black_soil_41_0_3938.jpeg,black_soil_03620.jpg,black soil
black_soil_93_0_4401.jpeg,black_soil_03621.jpg,black soil
black_soil_137_0_2661.jpeg,black_soil_03622.jpg,black soil
black_soil_47_0_1447.jpeg,black_soil_03623.jpg,black soil
black_soil_105_0_9829.jpeg,black_soil_03624.jpg,black soil
black_soil_109_0_334.jpeg,black_soil_03625.jpg,black soil
black_soil_83_0_817.jpeg,black_soil_03626.jpg,black soil
black_soil_131_0_2085.jpeg,black_soil_03627.jpg,black soil
black_soil_128_0_8711.jpeg,black_soil_03628.jpg,black soil
black_soil_144_0_7975.jpeg,black_soil_03629.jpg,black soil
black_soil_118_0_2223.jpeg,black_soil_03630.jpg,black soil
black_soil_161_0_1240.jpeg,black_soil_03631.jpg,black soil
black_soil_21_0_3167.jpeg,black_soil_03632.jpg,black soil
black_soil_63_0_6892.jpeg,black_soil_03633.jpg,black soil
black_soil_117_0_1166.jpeg,black_soil_03634.jpg,black soil
black_soil_160_0_6966.jpeg,black_soil_03635.jpg,black soil
black_soil_146_0_4805.jpeg,black_soil_03636.jpg,black soil
black_soil_91_0_1103.jpeg,black_soil_03637.jpg,black soil
black_soil_30_0_5492.jpeg,black_soil_03638.jpg,black soil
black_soil_21_0_2232.jpeg,black_soil_03639.jpg,black soil
black_soil_154_0_2229.jpeg,black_soil_03640.jpg,black soil
black_soil_0_0_2711.jpeg,black_soil_03641.jpg,black soil
black_soil_61_0_8679.jpeg,black_soil_03642.jpg,black soil
black_soil_71_0_3449.jpeg,black_soil_03643.jpg,black soil
black_soil_56_0_8547.jpeg,black_soil_03644.jpg,black soil
black_soil_110_0_7709.jpeg,black_soil_03645.jpg,black soil
black_soil_66_0_7120.jpeg,black_soil_03646.jpg,black soil
black_soil_22_0_5870.jpeg,black_soil_03647.jpg,black soil
black_soil_142_0_5670.jpeg,black_soil_03648.jpg,black soil
black_soil_100_0_8726.jpeg,black_soil_03649.jpg,black soil
black_soil_153_0_5742.jpeg,black_soil_03650.jpg,black soil
black_soil_108_0_8340.jpeg,black_soil_03651.jpg,black soil
black_soil_125_0_8669.jpeg,black_soil_03652.jpg,black soil
black_soil_140_0_7358.jpeg,black_soil_03653.jpg,black soil
black_soil_146_0_2220.jpeg,black_soil_03654.jpg,black soil
black_soil_67_0_4680.jpeg,black_soil_03655.jpg,black soil
black_soil_101_0_6696.jpeg,black_soil_03656.jpg,black soil
black_soil_67_0_1124.jpeg,black_soil_03657.jpg,black soil
black_soil_123_0_1381.jpeg,black_soil_03658.jpg,black soil
black_soil_28_0_7325.jpeg,black_soil_03659.jpg,black soil
black_soil_99_0_5995.jpeg,black_soil_03660.jpg,black soil
black_soil_153_0_3174.jpeg,black_soil_03661.jpg,black soil
black_soil_83_0_9188.jpeg,black_soil_03662.jpg,black soil
black_soil_86_0_5996.jpeg,black_soil_03663.jpg,black soil
black_soil_150_0_3217.jpeg,black_soil_03664.jpg,black soil
black_soil_156_0_3151.jpeg,black_soil_03665.jpg,black soil
black_soil_116_0_2078.jpeg,black_soil_03666.jpg,black soil
black_soil_78_0_276.jpeg,black_soil_03667.jpg,black soil
black_soil_158_0_107.jpeg,black_soil_03668.jpg,black soil
black_soil_74_0_1092.jpeg,black_soil_03669.jpg,black soil
black_soil_116_0_2205.jpeg,black_soil_03670.jpg,black soil
black_soil_125_0_4338.jpeg,black_soil_03671.jpg,black soil
black_soil_139_0_4755.jpeg,black_soil_03672.jpg,black soil
black_soil_70_0_6088.jpeg,black_soil_03673.jpg,black soil
black_soil_138_0_6460.jpeg,black_soil_03674.jpg,black soil
black_soil_155_0_8846.jpeg,black_soil_03675.jpg,black soil
black_soil_136_0_5669.jpeg,black_soil_03676.jpg,black soil
black_soil_137_0_7337.jpeg,black_soil_03677.jpg,black soil
black_soil_40_0_5169.jpeg,black_soil_03678.jpg,black soil
black_soil_147_0_2324.jpeg,black_soil_03679.jpg,black soil
black_soil_85_0_7194.jpeg,black_soil_03680.jpg,black soil
black_soil_136_0_1999.jpeg,black_soil_03681.jpg,black soil
black_soil_7_0_3288.jpeg,black_soil_03682.jpg,black soil
black_soil_42_0_6268.jpeg,black_soil_03683.jpg,black soil
black_soil_50_0_4591.jpeg,black_soil_03684.jpg,black soil
black_soil_38_0_923.jpeg,black_soil_03685.jpg,black soil
black_soil_80_0_48.jpeg,black_soil_03686.jpg,black soil
black_soil_100_0_7068.jpeg,black_soil_03687.jpg,black soil
black_soil_63_0_8358.jpeg,black_soil_03688.jpg,black soil
black_soil_32_0_8132.jpeg,black_soil_03689.jpg,black soil
black_soil_0_0_7978.jpeg,black_soil_03690.jpg,black soil
black_soil_38_0_9919.jpeg,black_soil_03691.jpg,black soil
black_soil_134_0_2280.jpeg,black_soil_03692.jpg,black soil
black_soil_100_0_1175.jpeg,black_soil_03693.jpg,black soil
black_soil_37_0_5758.jpeg,black_soil_03694.jpg,black soil
black_soil_97_0_7096.jpeg,black_soil_03695.jpg,black soil
black_soil_65_0_4707.jpeg,black_soil_03696.jpg,black soil
black_soil_104_0_6133.jpeg,black_soil_03697.jpg,black soil
black_soil_49_0_1046.jpeg,black_soil_03698.jpg,black soil
black_soil_121_0_2928.jpeg,black_soil_03699.jpg,black soil
black_soil_137_0_4995.jpeg,black_soil_03700.jpg,black soil
black_soil_103_0_1022.jpeg,black_soil_03701.jpg,black soil
black_soil_85_0_3233.jpeg,black_soil_03702.jpg,black soil
black_soil_50_0_9613.jpeg,black_soil_03703.jpg,black soil
black_soil_70_0_1839.jpeg,black_soil_03704.jpg,black soil
black_soil_111_0_344.jpeg,black_soil_03705.jpg,black soil
black_soil_90_0_8539.jpeg,black_soil_03706.jpg,black soil
black_soil_5_0_7203.jpeg,black_soil_03707.jpg,black soil
black_soil_33_0_7156.jpeg,black_soil_03708.jpg,black soil
black_soil_129_0_3791.jpeg,black_soil_03709.jpg,black soil
black_soil_152_0_1431.jpeg,black_soil_03710.jpg,black soil
black_soil_58_0_3242.jpeg,black_soil_03711.jpg,black soil
black_soil_104_0_1219.jpeg,black_soil_03712.jpg,black soil
black_soil_84_0_9814.jpeg,black_soil_03713.jpg,black soil
black_soil_111_0_2149.jpeg,black_soil_03714.jpg,black soil
black_soil_80_0_8323.jpeg,black_soil_03715.jpg,black soil
black_soil_112_0_2551.jpeg,black_soil_03716.jpg,black soil
black_soil_120_0_9521.jpeg,black_soil_03717.jpg,black soil
black_soil_133_0_1946.jpeg,black_soil_03718.jpg,black soil
black_soil_159_0_8969.jpeg,black_soil_03719.jpg,black soil
black_soil_118_0_3619.jpeg,black_soil_03720.jpg,black soil
black_soil_34_0_3680.jpeg,black_soil_03721.jpg,black soil
black_soil_3_0_1578.jpeg,black_soil_03722.jpg,black soil
black_soil_120_0_8253.jpeg,black_soil_03723.jpg,black soil
black_soil_153_0_7687.jpeg,black_soil_03724.jpg,black soil
black_soil_57_0_8685.jpeg,black_soil_03725.jpg,black soil
black_soil_17_0_1819.jpeg,black_soil_03726.jpg,black soil
black_soil_88_0_3167.jpeg,black_soil_03727.jpg,black soil
black_soil_68_0_3307.jpeg,black_soil_03728.jpg,black soil
black_soil_27_0_9610.jpeg,black_soil_03729.jpg,black soil
black_soil_99_0_6259.jpeg,black_soil_03730.jpg,black soil
black_soil_141_0_9369.jpeg,black_soil_03731.jpg,black soil
black_soil_54_0_706.jpeg,black_soil_03732.jpg,black soil
black_soil_101_0_2276.jpeg,black_soil_03733.jpg,black soil
black_soil_84_0_1499.jpeg,black_soil_03734.jpg,black soil
black_soil_155_0_3263.jpeg,black_soil_03735.jpg,black soil
black_soil_125_0_7808.jpeg,black_soil_03736.jpg,black soil
black_soil_22_0_2880.jpeg,black_soil_03737.jpg,black soil
black_soil_135_0_6563.jpeg,black_soil_03738.jpg,black soil
black_soil_141_0_123.jpeg,black_soil_03739.jpg,black soil
black_soil_30_0_3223.jpeg,black_soil_03740.jpg,black soil
black_soil_93_0_6581.jpeg,black_soil_03741.jpg,black soil
black_soil_19_0_4294.jpeg,black_soil_03742.jpg,black soil
black_soil_120_0_1151.jpeg,black_soil_03743.jpg,black soil
black_soil_49_0_510.jpeg,black_soil_03744.jpg,black soil
black_soil_80_0_5307.jpeg,black_soil_03745.jpg,black soil
black_soil_123_0_2983.jpeg,black_soil_03746.jpg,black soil
black_soil_157_0_9111.jpeg,black_soil_03747.jpg,black soil
black_soil_79_0_1034.jpeg,black_soil_03748.jpg,black soil
black_soil_132_0_7767.jpeg,black_soil_03749.jpg,black soil
black_soil_64_0_1639.jpeg,black_soil_03750.jpg,black soil
black_soil_24_0_1209.jpeg,black_soil_03751.jpg,black soil
black_soil_113_0_3643.jpeg,black_soil_03752.jpg,black soil
black_soil_76_0_3594.jpeg,black_soil_03753.jpg,black soil
black_soil_99_0_9978.jpeg,black_soil_03754.jpg,black soil
black_soil_57_0_5.jpeg,black_soil_03755.jpg,black soil
black_soil_52_0_2851.jpeg,black_soil_03756.jpg,black soil
black_soil_34_0_8307.jpeg,black_soil_03757.jpg,black soil
black_soil_74_0_7611.jpeg,black_soil_03758.jpg,black soil
black_soil_68_0_1904.jpeg,black_soil_03759.jpg,black soil
black_soil_16_0_7340.jpeg,black_soil_03760.jpg,black soil
black_soil_74_0_2259.jpeg,black_soil_03761.jpg,black soil
black_soil_96_0_6117.jpeg,black_soil_03762.jpg,black soil
black_soil_124_0_9186.jpeg,black_soil_03763.jpg,black soil
black_soil_149_0_3401.jpeg,black_soil_03764.jpg,black soil
black_soil_73_0_6624.jpeg,black_soil_03765.jpg,black soil
black_soil_27_0_2089.jpeg,black_soil_03766.jpg,black soil
black_soil_149_0_9411.jpeg,black_soil_03767.jpg,black soil
black_soil_142_0_8333.jpeg,black_soil_03768.jpg,black soil
black_soil_159_0_5421.jpeg,black_soil_03769.jpg,black soil
black_soil_114_0_7437.jpeg,black_soil_03770.jpg,black soil
black_soil_17_0_8142.jpeg,black_soil_03771.jpg,black soil
black_soil_110_0_6543.jpeg,black_soil_03772.jpg,black soil
black_soil_45_0_1563.jpeg,black_soil_03773.jpg,black soil
black_soil_145_0_875.jpeg,black_soil_03774.jpg,black soil
black_soil_13_0_8708.jpeg,black_soil_03775.jpg,black soil
black_soil_105_0_443.jpeg,black_soil_03776.jpg,black soil
black_soil_20_0_2323.jpeg,black_soil_03777.jpg,black soil
black_soil_97_0_7833.jpeg,black_soil_03778.jpg,black soil
black_soil_157_0_9386.jpeg,black_soil_03779.jpg,black soil
black_soil_155_0_4799.jpeg,black_soil_03780.jpg,black soil
black_soil_67_0_5957.jpeg,black_soil_03781.jpg,black soil
black_soil_104_0_5843.jpeg,black_soil_03782.jpg,black soil
black_soil_92_0_4400.jpeg,black_soil_03783.jpg,black soil
black_soil_14_0_8445.jpeg,black_soil_03784.jpg,black soil
black_soil_48_0_8907.jpeg,black_soil_03785.jpg,black soil
black_soil_142_0_8152.jpeg,black_soil_03786.jpg,black soil
black_soil_98_0_1659.jpeg,black_soil_03787.jpg,black soil
black_soil_68_0_2361.jpeg,black_soil_03788.jpg,black soil
black_soil_116_0_2922.jpeg,black_soil_03789.jpg,black soil
black_soil_72_0_6348.jpeg,black_soil_03790.jpg,black soil
black_soil_108_0_2444.jpeg,black_soil_03791.jpg,black soil
black_soil_133_0_298.jpeg,black_soil_03792.jpg,black soil
black_soil_157_0_4167.jpeg,black_soil_03793.jpg,black soil
black_soil_78_0_1008.jpeg,black_soil_03794.jpg,black soil
black_soil_70_0_3925.jpeg,black_soil_03795.jpg,black soil
black_soil_22_0_8198.jpeg,black_soil_03796.jpg,black soil
black_soil_114_0_8203.jpeg,black_soil_03797.jpg,black soil
black_soil_30_0_4164.jpeg,black_soil_03798.jpg,black soil
black_soil_98_0_1412.jpeg,black_soil_03799.jpg,black soil
black_soil_76_0_5882.jpeg,black_soil_03800.jpg,black soil
black_soil_136_0_5505.jpeg,black_soil_03801.jpg,black soil
black_soil_143_0_3014.jpeg,black_soil_03802.jpg,black soil
black_soil_17_0_4060.jpeg,black_soil_03803.jpg,black soil
black_soil_141_0_7245.jpeg,black_soil_03804.jpg,black soil
black_soil_94_0_5559.jpeg,black_soil_03805.jpg,black soil
14.jpg,cinder_soil_03806.jpg,cinder soil
8.jpg,cinder_soil_03807.jpg,cinder soil
19.jpg,cinder_soil_03808.jpg,cinder soil
3.jpg,cinder_soil_03809.jpg,cinder soil
15.jpg,cinder_soil_03810.jpg,cinder soil
5.jpg,cinder_soil_03811.jpg,cinder soil
10.jpg,cinder_soil_03812.jpg,cinder soil
12.jpg,cinder_soil_03813.jpg,cinder soil
9.jpg,cinder_soil_03814.jpg,cinder soil
21.jpg,cinder_soil_03815.jpg,cinder soil
7.jpg,cinder_soil_03816.jpg,cinder soil
2.jpg,cinder_soil_03817.jpg,cinder soil
17.jpg,cinder_soil_03818.jpg,cinder soil
6.jpg,cinder_soil_03819.jpg,cinder soil
24.jpg,cinder_soil_03820.jpg,cinder soil
16.jpg,cinder_soil_03821.jpg,cinder soil
13.jpg,cinder_soil_03822.jpg,cinder soil
11.jpg,cinder_soil_03823.jpg,cinder soil
4.jpg,cinder_soil_03824.jpg,cinder soil
18.jpg,cinder_soil_03825.jpg,cinder soil
22.jpg,cinder_soil_03826.jpg,cinder soil
20.jpg,cinder_soil_03827.jpg,cinder soil
1.jpg,cinder_soil_03828.jpg,cinder soil
23.jpg,cinder_soil_03829.jpg,cinder soil
14.jpg,red_soil_03830.jpg,red soil
56.jpg,red_soil_03831.jpg,red soil
8.jpg,red_soil_03832.jpg,red soil
19.jpg,red_soil_03833.jpg,red soil
27.jpg,red_soil_03834.jpg,red soil
47.jpg,red_soil_03835.jpg,red soil
53.jpg,red_soil_03836.jpg,red soil
59.jpg,red_soil_03837.jpg,red soil
41.jpg,red_soil_03838.jpg,red soil
28.jpg,red_soil_03839.jpg,red soil
57.jpg,red_soil_03840.jpg,red soil
3.jpg,red_soil_03841.jpg,red soil
49.jpg,red_soil_03842.jpg,red soil
39.jpg,red_soil_03843.jpg,red soil
30.jpg,red_soil_03844.jpg,red soil
15.jpg,red_soil_03845.jpg,red soil
5.jpg,red_soil_03846.jpg,red soil
32.jpg,red_soil_03847.jpg,red soil
44.jpg,red_soil_03848.jpg,red soil
58.jpg,red_soil_03849.jpg,red soil
46.jpg,red_soil_03850.jpg,red soil
51.jpg,red_soil_03851.jpg,red soil
60.jpg,red_soil_03852.jpg,red soil
38.jpg,red_soil_03853.jpg,red soil
36.jpg,red_soil_03854.jpg,red soil
45.jpg,red_soil_03855.jpg,red soil
10.jpg,red_soil_03856.jpg,red soil
12.jpg,red_soil_03857.jpg,red soil
55.jpg,red_soil_03858.jpg,red soil
9.jpg,red_soil_03859.jpg,red soil
52.jpg,red_soil_03860.jpg,red soil
33.jpg,red_soil_03861.jpg,red soil
54.jpg,red_soil_03862.jpg,red soil
21.jpg,red_soil_03863.jpg,red soil
26.jpg,red_soil_03864.jpg,red soil
7.jpg,red_soil_03865.jpg,red soil
2.jpg,red_soil_03866.jpg,red soil
35.jpg,red_soil_03867.jpg,red soil
29.jpg,red_soil_03868.jpg,red soil
37.jpg,red_soil_03869.jpg,red soil
31.jpg,red_soil_03870.jpg,red soil
17.jpg,red_soil_03871.jpg,red soil
6.jpg,red_soil_03872.jpg,red soil
25.jpg,red_soil_03873.jpg,red soil
24.jpg,red_soil_03874.jpg,red soil
16.jpg,red_soil_03875.jpg,red soil
50.jpg,red_soil_03876.jpg,red soil
42.jpg,red_soil_03877.jpg,red soil
13.jpg,red_soil_03878.jpg,red soil
48.jpg,red_soil_03879.jpg,red soil
34.jpg,red_soil_03880.jpg,red soil
4.jpg,red_soil_03881.jpg,red soil
18.jpg,red_soil_03882.jpg,red soil
22.jpg,red_soil_03883.jpg,red soil
40.jpg,red_soil_03884.jpg,red soil
43.jpg,red_soil_03885.jpg,red soil
20.jpg,red_soil_03886.jpg,red soil
1.jpg,red_soil_03887.jpg,red soil
23.jpg,red_soil_03888.jpg,red soil
14.jpg,alluvial_soil_03889.jpg,alluvial soil
67.jpg,alluvial_soil_03890.jpg,alluvial soil
93.jpg,alluvial_soil_03891.jpg,alluvial soil
56.jpg,alluvial_soil_03892.jpg,alluvial soil
124.jpg,alluvial_soil_03893.jpg,alluvial soil
8.jpg,alluvial_soil_03894.jpg,alluvial soil
19.jpg,alluvial_soil_03895.jpg,alluvial soil
151.jpg,alluvial_soil_03896.jpg,alluvial soil
136.jpg,alluvial_soil_03897.jpg,alluvial soil
122.jpg,alluvial_soil_03898.jpg,alluvial soil
27.jpg,alluvial_soil_03899.jpg,alluvial soil
133.jpg,alluvial_soil_03900.jpg,alluvial soil
47.jpg,alluvial_soil_03901.jpg,alluvial soil
108.jpg,alluvial_soil_03902.jpg,alluvial soil
83.jpg,alluvial_soil_03903.jpg,alluvial soil
100.jpg,alluvial_soil_03904.jpg,alluvial soil
53.jpg,alluvial_soil_03905.jpg,alluvial soil
110.jpg,alluvial_soil_03906.jpg,alluvial soil
144.jpg,alluvial_soil_03907.jpg,alluvial soil
59.jpg,alluvial_soil_03908.jpg,alluvial soil
64.jpg,alluvial_soil_03909.jpg,alluvial soil
41.jpg,alluvial_soil_03910.jpg,alluvial soil
28.jpg,alluvial_soil_03911.jpg,alluvial soil
82.jpg,alluvial_soil_03912.jpg,alluvial soil
79.jpg,alluvial_soil_03913.jpg,alluvial soil
116.jpg,alluvial_soil_03914.jpg,alluvial soil
127.jpg,alluvial_soil_03915.jpg,alluvial soil
105.jpg,alluvial_soil_03916.jpg,alluvial soil
57.jpg,alluvial_soil_03917.jpg,alluvial soil
3.jpg,alluvial_soil_03918.jpg,alluvial soil
141.jpg,alluvial_soil_03919.jpg,alluvial soil
143.jpg,alluvial_soil_03920.jpg,alluvial soil
49.jpg,alluvial_soil_03921.jpg,alluvial soil
88.jpg,alluvial_soil_03922.jpg,alluvial soil
62.jpg,alluvial_soil_03923.jpg,alluvial soil
103.jpg,alluvial_soil_03924.jpg,alluvial soil
87.jpg,alluvial_soil_03925.jpg,alluvial soil
104.jpg,alluvial_soil_03926.jpg,alluvial soil
155.jpg,alluvial_soil_03927.jpg,alluvial soil
39.jpg,alluvial_soil_03928.jpg,alluvial soil
30.jpg,alluvial_soil_03929.jpg,alluvial soil
85.jpg,alluvial_soil_03930.jpg,alluvial soil
146.jpg,alluvial_soil_03931.jpg,alluvial soil
81.jpg,alluvial_soil_03932.jpg,alluvial soil
15.jpg,alluvial_soil_03933.jpg,alluvial soil
117.jpg,alluvial_soil_03934.jpg,alluvial soil
92.jpg,alluvial_soil_03935.jpg,alluvial soil
153.jpg,alluvial_soil_03936.jpg,alluvial soil
84.jpg,alluvial_soil_03937.jpg,alluvial soil
106.jpg,alluvial_soil_03938.jpg,alluvial soil
5.jpg,alluvial_soil_03939.jpg,alluvial soil
32.jpg,alluvial_soil_03940.jpg,alluvial soil
44.jpg,alluvial_soil_03941.jpg,alluvial soil
152.jpg,alluvial_soil_03942.jpg,alluvial soil
58.jpg,alluvial_soil_03943.jpg,alluvial soil
140.jpg,alluvial_soil_03944.jpg,alluvial soil
46.jpg,alluvial_soil_03945.jpg,alluvial soil
51.jpg,alluvial_soil_03946.jpg,alluvial soil
78.jpg,alluvial_soil_03947.jpg,alluvial soil
71.jpg,alluvial_soil_03948.jpg,alluvial soil
148.jpg,alluvial_soil_03949.jpg,alluvial soil
147.jpg,alluvial_soil_03950.jpg,alluvial soil
63.jpg,alluvial_soil_03951.jpg,alluvial soil
129.jpg,alluvial_soil_03952.jpg,alluvial soil
135.jpg,alluvial_soil_03953.jpg,alluvial soil
60.jpg,alluvial_soil_03954.jpg,alluvial soil
119.jpg,alluvial_soil_03955.jpg,alluvial soil
68.jpg,alluvial_soil_03956.jpg,alluvial soil
95.jpg,alluvial_soil_03957.jpg,alluvial soil
38.jpg,alluvial_soil_03958.jpg,alluvial soil
36.jpg,alluvial_soil_03959.jpg,alluvial soil
115.jpg,alluvial_soil_03960.jpg,alluvial soil
154.jpg,alluvial_soil_03961.jpg,alluvial soil
137.jpg,alluvial_soil_03962.jpg,alluvial soil
45.jpg,alluvial_soil_03963.jpg,alluvial soil
72.jpg,alluvial_soil_03964.jpg,alluvial soil
10.jpg,alluvial_soil_03965.jpg,alluvial soil
111.jpg,alluvial_soil_03966.jpg,alluvial soil
73.jpg,alluvial_soil_03967.jpg,alluvial soil
69.jpg,alluvial_soil_03968.jpg,alluvial soil
12.jpg,alluvial_soil_03969.jpg,alluvial soil
107.jpg,alluvial_soil_03970.jpg,alluvial soil
55.jpg,alluvial_soil_03971.jpg,alluvial soil
70.jpg,alluvial_soil_03972.jpg,alluvial soil
9.jpg,alluvial_soil_03973.jpg,alluvial soil
52.jpg,alluvial_soil_03974.jpg,alluvial soil
33.jpg,alluvial_soil_03975.jpg,alluvial soil
114.jpg,alluvial_soil_03976.jpg,alluvial soil
80.jpg,alluvial_soil_03977.jpg,alluvial soil
54.jpg,alluvial_soil_03978.jpg,alluvial soil
130.jpg,alluvial_soil_03979.jpg,alluvial soil
21.jpg,alluvial_soil_03980.jpg,alluvial soil
26.jpg,alluvial_soil_03981.jpg,alluvial soil
7.jpg,alluvial_soil_03982.jpg,alluvial soil
91.jpg,alluvial_soil_03983.jpg,alluvial soil
2.jpg,alluvial_soil_03984.jpg,alluvial soil
139.jpg,alluvial_soil_03985.jpg,alluvial soil
74.jpg,alluvial_soil_03986.jpg,alluvial soil
35.jpg,alluvial_soil_03987.jpg,alluvial soil
145.jpg,alluvial_soil_03988.jpg,alluvial soil
29.jpg,alluvial_soil_03989.jpg,alluvial soil
134.jpg,alluvial_soil_03990.jpg,alluvial soil
131.jpg,alluvial_soil_03991.jpg,alluvial soil
125.jpg,alluvial_soil_03992.jpg,alluvial soil
37.jpg,alluvial_soil_03993.jpg,alluvial soil
86.jpg,alluvial_soil_03994.jpg,alluvial soil
89.jpg,alluvial_soil_03995.jpg,alluvial soil
31.jpg,alluvial_soil_03996.jpg,alluvial soil
17.jpg,alluvial_soil_03997.jpg,alluvial soil
75.jpg,alluvial_soil_03998.jpg,alluvial soil
6.jpg,alluvial_soil_03999.jpg,alluvial soil
25.jpg,alluvial_soil_04000.jpg,alluvial soil
24.jpg,alluvial_soil_04001.jpg,alluvial soil
16.jpg,alluvial_soil_04002.jpg,alluvial soil
101.jpg,alluvial_soil_04003.jpg,alluvial soil
61.jpg,alluvial_soil_04004.jpg,alluvial soil
150.jpg,alluvial_soil_04005.jpg,alluvial soil
50.jpg,alluvial_soil_04006.jpg,alluvial soil
112.jpg,alluvial_soil_04007.jpg,alluvial soil
77.jpg,alluvial_soil_04008.jpg,alluvial soil
132.jpg,alluvial_soil_04009.jpg,alluvial soil
118.jpg,alluvial_soil_04010.jpg,alluvial soil
76.jpg,alluvial_soil_04011.jpg,alluvial soil
42.jpg,alluvial_soil_04012.jpg,alluvial soil
13.jpg,alluvial_soil_04013.jpg,alluvial soil
48.jpg,alluvial_soil_04014.jpg,alluvial soil
156.jpg,alluvial_soil_04015.jpg,alluvial soil
113.jpg,alluvial_soil_04016.jpg,alluvial soil
97.jpg,alluvial_soil_04017.jpg,alluvial soil
142.jpg,alluvial_soil_04018.jpg,alluvial soil
11.jpg,alluvial_soil_04019.jpg,alluvial soil
102.jpg,alluvial_soil_04020.jpg,alluvial soil
34.jpg,alluvial_soil_04021.jpg,alluvial soil
4.jpg,alluvial_soil_04022.jpg,alluvial soil
149.jpg,alluvial_soil_04023.jpg,alluvial soil
65.jpg,alluvial_soil_04024.jpg,alluvial soil
128.jpg,alluvial_soil_04025.jpg,alluvial soil
98.jpg,alluvial_soil_04026.jpg,alluvial soil
94.jpg,alluvial_soil_04027.jpg,alluvial soil
121.jpg,alluvial_soil_04028.jpg,alluvial soil
18.jpg,alluvial_soil_04029.jpg,alluvial soil
22.jpg,alluvial_soil_04030.jpg,alluvial soil
40.jpg,alluvial_soil_04031.jpg,alluvial soil
138.jpg,alluvial_soil_04032.jpg,alluvial soil
43.jpg,alluvial_soil_04033.jpg,alluvial soil
90.jpg,alluvial_soil_04034.jpg,alluvial soil
20.jpg,alluvial_soil_04035.jpg,alluvial soil
1.jpg,alluvial_soil_04036.jpg,alluvial soil
123.jpg,alluvial_soil_04037.jpg,alluvial soil
23.jpg,alluvial_soil_04038.jpg,alluvial soil
96.jpg,alluvial_soil_04039.jpg,alluvial soil
99.jpg,alluvial_soil_04040.jpg,alluvial soil
126.jpg,alluvial_soil_04041.jpg,alluvial soil
120.jpg,alluvial_soil_04042.jpg,alluvial soil
66.jpg,alluvial_soil_04043.jpg,alluvial soil
14.jpg,black_soil_04044.jpg,black soil
8.jpg,black_soil_04045.jpg,black soil
19.jpg,black_soil_04046.jpg,black soil
27.jpg,black_soil_04047.jpg,black soil
47.jpg,black_soil_04048.jpg,black soil
53.jpg,black_soil_04049.jpg,black soil
41.jpg,black_soil_04050.jpg,black soil
28.jpg,black_soil_04051.jpg,black soil
3.jpg,black_soil_04052.jpg,black soil
49.jpg,black_soil_04053.jpg,black soil
39.jpg,black_soil_04054.jpg,black soil
30.jpg,black_soil_04055.jpg,black soil
15.jpg,black_soil_04056.jpg,black soil
5.jpg,black_soil_04057.jpg,black soil
32.jpg,black_soil_04058.jpg,black soil
44.jpg,black_soil_04059.jpg,black soil
46.jpg,black_soil_04060.jpg,black soil
51.jpg,black_soil_04061.jpg,black soil
38.jpg,black_soil_04062.jpg,black soil
36.jpg,black_soil_04063.jpg,black soil
45.jpg,black_soil_04064.jpg,black soil
10.jpg,black_soil_04065.jpg,black soil
12.jpg,black_soil_04066.jpg,black soil
55.jpg,black_soil_04067.jpg,black soil
9.jpg,black_soil_04068.jpg,black soil
52.jpg,black_soil_04069.jpg,black soil
33.jpg,black_soil_04070.jpg,black soil
54.jpg,black_soil_04071.jpg,black soil
21.jpg,black_soil_04072.jpg,black soil
7.jpg,black_soil_04073.jpg,black soil
2.jpg,black_soil_04074.jpg,black soil
35.jpg,black_soil_04075.jpg,black soil
29.jpg,black_soil_04076.jpg,black soil
37.jpg,black_soil_04077.jpg,black soil
31.jpg,black_soil_04078.jpg,black soil
17.jpg,black_soil_04079.jpg,black soil
6.jpg,black_soil_04080.jpg,black soil
25.jpg,black_soil_04081.jpg,black soil
16.jpg,black_soil_04082.jpg,black soil
50.jpg,black_soil_04083.jpg,black soil
13.jpg,black_soil_04084.jpg,black soil
48.jpg,black_soil_04085.jpg,black soil
11.jpg,black_soil_04086.jpg,black soil
34.jpg,black_soil_04087.jpg,black soil
4.jpg,black_soil_04088.jpg,black soil
18.jpg,black_soil_04089.jpg,black soil
43.jpg,black_soil_04090.jpg,black soil
1.jpg,black_soil_04091.jpg,black soil
23.jpg,black_soil_04092.jpg,black soil
3.jpg,cinder_soil_04093.jpg,cinder soil
5.jpg,cinder_soil_04094.jpg,cinder soil
2.jpg,cinder_soil_04095.jpg,cinder soil
6.jpg,cinder_soil_04096.jpg,cinder soil
4.jpg,cinder_soil_04097.jpg,cinder soil
1.jpg,cinder_soil_04098.jpg,cinder soil
10.jpg,red_soil_04099.jpg,red soil
2.jpg,red_soil_04100.jpg,red soil
11.jpg,red_soil_04101.jpg,red soil
1.jpg,red_soil_04102.jpg,red soil
14.jpg,alluvial_soil_04103.jpg,alluvial soil
8.jpg,alluvial_soil_04104.jpg,alluvial soil
19.jpg,alluvial_soil_04105.jpg,alluvial soil
27.jpg,alluvial_soil_04106.jpg,alluvial soil
28.jpg,alluvial_soil_04107.jpg,alluvial soil
3.jpg,alluvial_soil_04108.jpg,alluvial soil
39.jpg,alluvial_soil_04109.jpg,alluvial soil
30.jpg,alluvial_soil_04110.jpg,alluvial soil
15.jpg,alluvial_soil_04111.jpg,alluvial soil
5.jpg,alluvial_soil_04112.jpg,alluvial soil
32.jpg,alluvial_soil_04113.jpg,alluvial soil
38.jpg,alluvial_soil_04114.jpg,alluvial soil
36.jpg,alluvial_soil_04115.jpg,alluvial soil
10.jpg,alluvial_soil_04116.jpg,alluvial soil
12.jpg,alluvial_soil_04117.jpg,alluvial soil
9.jpg,alluvial_soil_04118.jpg,alluvial soil
33.jpg,alluvial_soil_04119.jpg,alluvial soil
21.jpg,alluvial_soil_04120.jpg,alluvial soil
26.jpg,alluvial_soil_04121.jpg,alluvial soil
7.jpg,alluvial_soil_04122.jpg,alluvial soil
2.jpg,alluvial_soil_04123.jpg,alluvial soil
35.jpg,alluvial_soil_04124.jpg,alluvial soil
29.jpg,alluvial_soil_04125.jpg,alluvial soil
37.jpg,alluvial_soil_04126.jpg,alluvial soil
31.jpg,alluvial_soil_04127.jpg,alluvial soil
17.jpg,alluvial_soil_04128.jpg,alluvial soil
6.jpg,alluvial_soil_04129.jpg,alluvial soil
25.jpg,alluvial_soil_04130.jpg,alluvial soil
24.jpg,alluvial_soil_04131.jpg,alluvial soil
16.jpg,alluvial_soil_04132.jpg,alluvial soil
13.jpg,alluvial_soil_04133.jpg,alluvial soil
11.jpg,alluvial_soil_04134.jpg,alluvial soil
34.jpg,alluvial_soil_04135.jpg,alluvial soil
4.jpg,alluvial_soil_04136.jpg,alluvial soil
18.jpg,alluvial_soil_04137.jpg,alluvial soil
22.jpg,alluvial_soil_04138.jpg,alluvial soil
20.jpg,alluvial_soil_04139.jpg,alluvial soil
1.jpg,alluvial_soil_04140.jpg,alluvial soil
23.jpg,alluvial_soil_04141.jpg,alluvial soil
8.jpg,black_soil_04142.jpg,black soil
3.jpg,black_soil_04143.jpg,black soil
5.jpg,black_soil_04144.jpg,black soil
10.jpg,black_soil_04145.jpg,black soil
12.jpg,black_soil_04146.jpg,black soil
9.jpg,black_soil_04147.jpg,black soil
7.jpg,black_soil_04148.jpg,black soil
6.jpg,black_soil_04149.jpg,black soil
13.jpg,black_soil_04150.jpg,black soil
11.jpg,black_soil_04151.jpg,black soil
4.jpg,black_soil_04152.jpg,black soil
14.jpg,peat_soil_04153.jpg,peat soil
8.jpg,peat_soil_04154.jpg,peat soil
19.jpg,peat_soil_04155.jpg,peat soil
27.jpg,peat_soil_04156.jpg,peat soil
28.jpg,peat_soil_04157.jpg,peat soil
3.jpg,peat_soil_04158.jpg,peat soil
30.jpg,peat_soil_04159.jpg,peat soil
15.jpg,peat_soil_04160.jpg,peat soil
5.jpg,peat_soil_04161.jpg,peat soil
10.jpg,peat_soil_04162.jpg,peat soil
12.jpg,peat_soil_04163.jpg,peat soil
9.jpg,peat_soil_04164.jpg,peat soil
21.jpg,peat_soil_04165.jpg,peat soil
26.jpg,peat_soil_04166.jpg,peat soil
7.jpg,peat_soil_04167.jpg,peat soil
2.jpg,peat_soil_04168.jpg,peat soil
29.jpg,peat_soil_04169.jpg,peat soil
17.jpg,peat_soil_04170.jpg,peat soil
6.jpg,peat_soil_04171.jpg,peat soil
25.jpg,peat_soil_04172.jpg,peat soil
24.jpg,peat_soil_04173.jpg,peat soil
16.jpg,peat_soil_04174.jpg,peat soil
13.jpg,peat_soil_04175.jpg,peat soil
11.jpg,peat_soil_04176.jpg,peat soil
4.jpg,peat_soil_04177.jpg,peat soil
18.jpg,peat_soil_04178.jpg,peat soil
22.jpg,peat_soil_04179.jpg,peat soil
20.jpg,peat_soil_04180.jpg,peat soil
1.jpg,peat_soil_04181.jpg,peat soil
23.jpg,peat_soil_04182.jpg,peat soil
14.jpg,laterite_soil_04183.jpg,laterite soil
8.jpg,laterite_soil_04184.jpg,laterite soil
19.jpg,laterite_soil_04185.jpg,laterite soil
27.jpg,laterite_soil_04186.jpg,laterite soil
28.jpg,laterite_soil_04187.jpg,laterite soil
3.jpg,laterite_soil_04188.jpg,laterite soil
30.jpg,laterite_soil_04189.jpg,laterite soil
15.jpg,laterite_soil_04190.jpg,laterite soil
5.jpg,laterite_soil_04191.jpg,laterite soil
10.jpg,laterite_soil_04192.jpg,laterite soil
12.jpg,laterite_soil_04193.jpg,laterite soil
9.jpg,laterite_soil_04194.jpg,laterite soil
21.jpg,laterite_soil_04195.jpg,laterite soil
26.jpg,laterite_soil_04196.jpg,laterite soil
7.jpg,laterite_soil_04197.jpg,laterite soil
2.jpg,laterite_soil_04198.jpg,laterite soil
29.jpg,laterite_soil_04199.jpg,laterite soil
17.jpg,laterite_soil_04200.jpg,laterite soil
6.jpg,laterite_soil_04201.jpg,laterite soil
25.jpg,laterite_soil_04202.jpg,laterite soil
24.jpg,laterite_soil_04203.jpg,laterite soil
16.jpg,laterite_soil_04204.jpg,laterite soil
13.jpg,laterite_soil_04205.jpg,laterite soil
11.jpg,laterite_soil_04206.jpg,laterite soil
4.jpg,laterite_soil_04207.jpg,laterite soil
18.jpg,laterite_soil_04208.jpg,laterite soil
22.jpg,laterite_soil_04209.jpg,laterite soil
1.jpg,laterite_soil_04210.jpg,laterite soil
23.jpg,laterite_soil_04211.jpg,laterite soil
14.jpg,yellow_soil_04212.jpg,yellow soil
8.jpg,yellow_soil_04213.jpg,yellow soil
19.jpg,yellow_soil_04214.jpg,yellow soil
27.jpg,yellow_soil_04215.jpg,yellow soil
28.jpg,yellow_soil_04216.jpg,yellow soil
3.jpg,yellow_soil_04217.jpg,yellow soil
30.jpg,yellow_soil_04218.jpg,yellow soil
15.jpg,yellow_soil_04219.jpg,yellow soil
5.jpg,yellow_soil_04220.jpg,yellow soil
10.jpg,yellow_soil_04221.jpg,yellow soil
12.jpg,yellow_soil_04222.jpg,yellow soil
9.jpg,yellow_soil_04223.jpg,yellow soil
21.jpg,yellow_soil_04224.jpg,yellow soil
26.jpg,yellow_soil_04225.jpg,yellow soil
7.jpg,yellow_soil_04226.jpg,yellow soil
2.jpg,yellow_soil_04227.jpg,yellow soil
29.jpg,yellow_soil_04228.jpg,yellow soil
17.jpg,yellow_soil_04229.jpg,yellow soil
6.jpg,yellow_soil_04230.jpg,yellow soil
25.jpg,yellow_soil_04231.jpg,yellow soil
24.jpg,yellow_soil_04232.jpg,yellow soil
16.jpg,yellow_soil_04233.jpg,yellow soil
11.jpg,yellow_soil_04234.jpg,yellow soil
4.jpg,yellow_soil_04235.jpg,yellow soil
22.jpg,yellow_soil_04236.jpg,yellow soil
20.jpg,yellow_soil_04237.jpg,yellow soil
23.jpg,yellow_soil_04238.jpg,yellow soil
14.jpg,black_soil_04239.jpg,black soil
8.jpg,black_soil_04240.jpg,black soil
19.jpg,black_soil_04241.jpg,black soil
27.jpg,black_soil_04242.jpg,black soil
28.jpg,black_soil_04243.jpg,black soil
3.jpg,black_soil_04244.jpg,black soil
39.jpg,black_soil_04245.jpg,black soil
30.jpg,black_soil_04246.jpg,black soil
15.jpg,black_soil_04247.jpg,black soil
5.jpg,black_soil_04248.jpg,black soil
32.jpg,black_soil_04249.jpg,black soil
38.jpg,black_soil_04250.jpg,black soil
36.jpg,black_soil_04251.jpg,black soil
10.jpg,black_soil_04252.jpg,black soil
12.jpg,black_soil_04253.jpg,black soil
9.jpg,black_soil_04254.jpg,black soil
21.jpg,black_soil_04255.jpg,black soil
26.jpg,black_soil_04256.jpg,black soil
7.jpg,black_soil_04257.jpg,black soil
2.jpg,black_soil_04258.jpg,black soil
35.jpg,black_soil_04259.jpg,black soil
29.jpg,black_soil_04260.jpg,black soil
37.jpg,black_soil_04261.jpg,black soil
31.jpg,black_soil_04262.jpg,black soil
17.jpg,black_soil_04263.jpg,black soil
6.jpg,black_soil_04264.jpg,black soil
25.jpg,black_soil_04265.jpg,black soil
24.jpg,black_soil_04266.jpg,black soil
16.jpg,black_soil_04267.jpg,black soil
13.jpg,black_soil_04268.jpg,black soil
11.jpg,black_soil_04269.jpg,black soil
4.jpg,black_soil_04270.jpg,black soil
18.jpg,black_soil_04271.jpg,black soil
22.jpg,black_soil_04272.jpg,black soil
40.jpg,black_soil_04273.jpg,black soil
20.jpg,black_soil_04274.jpg,black soil
23.jpg,black_soil_04275.jpg,black soil
